aspecto,sentiment,sentiment_label,source
Automatizacion,0.6597,positivo,twitter
Automatizacion,0.2023,positivo,twitter
Etica,0.2023,positivo,twitter
Automatizacion,0.0,neutro,twitter
Futuro,0.0,neutro,twitter
General,0.0,neutro,twitter
General,0.6369,positivo,twitter
General,0.0,neutro,twitter
Empleo,0.5859,positivo,twitter
Automatizacion,0.5859,positivo,twitter
Empleo,0.6369,positivo,twitter
Automatizacion,0.6369,positivo,twitter
Empleo,0.4215,positivo,twitter
Automatizacion,0.3612,positivo,twitter
Automatizacion,0.6597,positivo,twitter
Empleo,0.6908,positivo,twitter
Productividad,0.6908,positivo,twitter
Empleo,0.4215,positivo,twitter
Automatizacion,-0.6369,negativo,twitter
Futuro,-0.6369,negativo,twitter
Automatizacion,0.0,neutro,twitter
Futuro,0.0,neutro,twitter
Automatizacion,0.0,neutro,twitter
General,0.4767,positivo,twitter
Automatizacion,0.4939,positivo,twitter
Empleo,0.5423,positivo,twitter
Automatizacion,0.743,positivo,twitter
Automatizacion,-0.4215,negativo,twitter
Etica,-0.4215,negativo,twitter
General,0.0243,neutro,twitter
Automatizacion,0.0,neutro,twitter
Futuro,0.0,neutro,twitter
Empleo,0.4215,positivo,twitter
Automatizacion,0.0,neutro,twitter
Automatizacion,0.4767,positivo,twitter
Automatizacion,0.8834,positivo,twitter
Futuro,0.8834,positivo,twitter
Etica,0.8834,positivo,twitter
Automatizacion,0.0,neutro,twitter
Automatizacion,0.5719,positivo,twitter
Automatizacion,0.8225,positivo,twitter
Economia,0.8225,positivo,twitter
Automatizacion,0.4588,positivo,twitter
General,0.0,neutro,twitter
General,0.0,neutro,twitter
Empleo,0.0,neutro,twitter
Automatizacion,0.0,neutro,twitter
Automatizacion,0.0,neutro,twitter
Automatizacion,0.2023,positivo,twitter
General,0.34,positivo,twitter
Productividad,0.4404,positivo,twitter
Automatizacion,0.0,neutro,twitter
Futuro,0.0,neutro,twitter
Automatizacion,0.7003,positivo,twitter
Automatizacion,0.0,neutro,twitter
General,0.0258,neutro,twitter
Empleo,0.0,neutro,twitter
Automatizacion,0.0,neutro,twitter
Automatizacion,-0.5994,negativo,twitter
Etica,-0.5994,negativo,twitter
Automatizacion,0.0,neutro,twitter
Automatizacion,0.4767,positivo,twitter
Automatizacion,0.3818,positivo,twitter
Empleo,0.0258,neutro,twitter
Automatizacion,0.7184,positivo,twitter
Automatizacion,0.0,neutro,twitter
Empleo,0.0,neutro,twitter
Automatizacion,0.0,neutro,twitter
Automatizacion,0.0,neutro,twitter
Automatizacion,0.0,neutro,twitter
Empleo,0.3818,positivo,twitter
Automatizacion,0.3818,positivo,twitter
Futuro,0.3818,positivo,twitter
Empleo,0.0,neutro,twitter
Empleo,0.2023,positivo,twitter
Automatizacion,0.2023,positivo,twitter
Empleo,0.0,neutro,twitter
Automatizacion,0.0,neutro,twitter
Futuro,0.0,neutro,twitter
Automatizacion,0.3612,positivo,twitter
Automatizacion,0.4404,positivo,twitter
Automatizacion,0.3167,positivo,twitter
Futuro,0.3167,positivo,twitter
Automatizacion,0.0,neutro,twitter
Empleo,0.4404,positivo,twitter
Automatizacion,0.4404,positivo,twitter
Automatizacion,0.3446,positivo,twitter
Automatizacion,0.8074,positivo,twitter
Automatizacion,0.1139,positivo,twitter
General,0.296,positivo,twitter
General,0.0,neutro,twitter
Empleo,0.0,neutro,twitter
Automatizacion,0.0,neutro,twitter
Automatizacion,0.0,neutro,twitter
Automatizacion,0.0,neutro,twitter
General,0.3327,positivo,twitter
Automatizacion,0.0,neutro,twitter
Automatizacion,0.4588,positivo,twitter
Futuro,0.4588,positivo,twitter
Empleo,0.4404,positivo,twitter
Automatizacion,0.4404,positivo,twitter
General,0.8573,positivo,twitter
Empleo,0.128,positivo,twitter
Automatizacion,0.2023,positivo,twitter
General,0.0,neutro,twitter
Automatizacion,0.0,neutro,twitter
Automatizacion,0.0258,neutro,twitter
Automatizacion,0.8591,positivo,twitter
General,0.875,positivo,twitter
Automatizacion,0.0,neutro,twitter
Automatizacion,0.875,positivo,twitter
Automatizacion,0.5413,positivo,twitter
General,0.4019,positivo,twitter
Automatizacion,0.4881,positivo,twitter
General,0.5859,positivo,twitter
Automatizacion,0.4019,positivo,twitter
Automatizacion,0.6597,positivo,twitter
Automatizacion,-0.3818,negativo,twitter
Empleo,0.4767,positivo,twitter
Automatizacion,0.4767,positivo,twitter
Futuro,0.4767,positivo,twitter
Etica,0.4767,positivo,twitter
Automatizacion,0.5859,positivo,twitter
General,0.7783,positivo,twitter
General,0.5106,positivo,twitter
General,0.0,neutro,twitter
Automatizacion,0.25,positivo,twitter
Economia,0.25,positivo,twitter
General,0.128,positivo,twitter
Empleo,0.4215,positivo,twitter
Automatizacion,0.4215,positivo,twitter
General,-0.3612,negativo,twitter
General,0.0,neutro,twitter
General,0.0772,positivo,twitter
Automatizacion,0.8834,positivo,twitter
Automatizacion,-0.5106,negativo,twitter
Automatizacion,0.3612,positivo,twitter
General,0.0,neutro,twitter
Automatizacion,0.0,neutro,twitter
General,0.3612,positivo,twitter
Automatizacion,0.0,neutro,twitter
Automatizacion,0.0,neutro,twitter
Futuro,0.0,neutro,twitter
Automatizacion,-0.5859,negativo,twitter
Futuro,-0.5859,negativo,twitter
General,0.0,neutro,twitter
Automatizacion,0.8071,positivo,twitter
Productividad,0.8071,positivo,twitter
Futuro,0.3182,positivo,twitter
Etica,0.3182,positivo,twitter
General,0.2086,positivo,twitter
General,0.0,neutro,twitter
Empleo,0.8689,positivo,twitter
Automatizacion,0.8689,positivo,twitter
Etica,0.8689,positivo,twitter
Automatizacion,0.0,neutro,twitter
Automatizacion,0.0,neutro,twitter
Futuro,0.0,neutro,twitter
Empleo,0.8074,positivo,twitter
General,0.8316,positivo,twitter
Automatizacion,0.4019,positivo,twitter
Economia,-0.4019,negativo,twitter
Automatizacion,0.0,neutro,twitter
Automatizacion,0.7003,positivo,twitter
Productividad,0.7003,positivo,twitter
Automatizacion,0.4927,positivo,twitter
Futuro,0.4927,positivo,twitter
Automatizacion,0.0,neutro,twitter
General,0.0,neutro,twitter
Empleo,0.0,neutro,twitter
Automatizacion,0.0,neutro,twitter
General,0.0,neutro,twitter
Automatizacion,0.7096,positivo,twitter
General,-0.2617,negativo,twitter
General,0.0,neutro,twitter
Futuro,0.3818,positivo,twitter
Automatizacion,0.0,neutro,twitter
Automatizacion,0.0,neutro,twitter
Automatizacion,0.0,neutro,twitter
Economia,0.0,neutro,twitter
Automatizacion,0.0,neutro,twitter
Futuro,0.0,neutro,twitter
Futuro,0.2263,positivo,twitter
Automatizacion,0.0,neutro,twitter
General,0.6078,positivo,twitter
Automatizacion,0.0,neutro,twitter
Automatizacion,0.4404,positivo,twitter
Empleo,0.0,neutro,twitter
General,0.8766,positivo,twitter
Automatizacion,0.6369,positivo,twitter
Futuro,0.6369,positivo,twitter
Automatizacion,0.4404,positivo,twitter
Futuro,0.4404,positivo,twitter
Economia,0.4404,positivo,twitter
General,-0.4019,negativo,twitter
Empleo,0.296,positivo,twitter
Automatizacion,0.296,positivo,twitter
Automatizacion,-0.6249,negativo,twitter
Empleo,0.8176,positivo,twitter
Automatizacion,0.8176,positivo,twitter
Automatizacion,0.5574,positivo,twitter
General,0.5423,positivo,twitter
Automatizacion,0.0,neutro,twitter
Futuro,0.0,neutro,twitter
Automatizacion,0.5106,positivo,twitter
General,0.0,neutro,twitter
General,0.6124,positivo,twitter
Automatizacion,0.7184,positivo,twitter
Futuro,0.7184,positivo,twitter
Automatizacion,0.0,neutro,twitter
Futuro,0.0,neutro,twitter
Automatizacion,0.0,neutro,twitter
Automatizacion,0.7003,positivo,twitter
Automatizacion,0.0,neutro,twitter
Automatizacion,0.7579,positivo,twitter
Empleo,0.5719,positivo,twitter
Automatizacion,0.5719,positivo,twitter
Futuro,0.5719,positivo,twitter
Etica,0.5719,positivo,twitter
Automatizacion,0.6808,positivo,twitter
Automatizacion,0.7845,positivo,twitter
General,0.0,neutro,twitter
General,-0.296,negativo,twitter
Empleo,0.0,neutro,twitter
Automatizacion,0.0,neutro,twitter
Futuro,0.0,neutro,twitter
General,0.5013,positivo,twitter
General,0.0,neutro,twitter
Empleo,0.4215,positivo,twitter
Automatizacion,0.4215,positivo,twitter
Automatizacion,0.0,neutro,twitter
Futuro,0.765,positivo,twitter
Automatizacion,0.0,neutro,twitter
Automatizacion,0.5859,positivo,twitter
General,0.25,positivo,twitter
Empleo,0.0,neutro,twitter
Empleo,0.0,neutro,twitter
Empleo,0.0,neutro,twitter
Automatizacion,0.0,neutro,twitter
Automatizacion,0.0,neutro,twitter
Etica,0.0,neutro,twitter
Automatizacion,0.0,neutro,twitter
Automatizacion,0.3818,positivo,twitter
Automatizacion,0.7845,positivo,twitter
Automatizacion,0.0,neutro,twitter
Automatizacion,0.0,neutro,twitter
Automatizacion,0.0,neutro,twitter
Economia,0.0,neutro,twitter
Futuro,0.3182,positivo,twitter
General,0.0,neutro,twitter
General,0.7351,positivo,twitter
Empleo,0.4215,positivo,twitter
Automatizacion,0.4588,positivo,twitter
Futuro,0.296,positivo,twitter
General,0.0,neutro,twitter
Empleo,0.0,neutro,twitter
Automatizacion,0.0,neutro,twitter
Automatizacion,0.25,positivo,twitter
Productividad,0.8885,positivo,twitter
Empleo,0.9633,positivo,twitter
Productividad,0.9633,positivo,twitter
Automatizacion,0.5365,positivo,twitter
Automatizacion,0.5994,positivo,twitter
General,0.0,neutro,twitter
Empleo,0.6249,positivo,twitter
Automatizacion,0.6249,positivo,twitter
Automatizacion,0.2023,positivo,twitter
Automatizacion,0.5719,positivo,twitter
Automatizacion,0.6369,positivo,twitter
Futuro,0.6369,positivo,twitter
General,0.2263,positivo,twitter
Automatizacion,-0.743,negativo,twitter
Automatizacion,0.0,neutro,twitter
Automatizacion,0.0,neutro,twitter
General,0.3962,positivo,twitter
Productividad,0.5423,positivo,twitter
Futuro,0.0,neutro,twitter
General,0.6369,positivo,twitter
Automatizacion,0.8481,positivo,twitter
Automatizacion,-0.2924,negativo,twitter
Automatizacion,0.4588,positivo,twitter
General,0.2732,positivo,twitter
Automatizacion,0.2732,positivo,twitter
Empleo,0.4215,positivo,twitter
Automatizacion,0.4215,positivo,twitter
Automatizacion,-0.1531,negativo,twitter
Futuro,-0.1531,negativo,twitter
General,0.0,neutro,twitter
Empleo,0.0,neutro,twitter
Automatizacion,0.0,neutro,twitter
Futuro,0.0,neutro,twitter
General,0.6369,positivo,twitter
Empleo,0.0,neutro,twitter
Automatizacion,0.0,neutro,twitter
Automatizacion,0.0,neutro,twitter
Automatizacion,0.2023,positivo,twitter
Productividad,0.4215,positivo,twitter
General,-0.7717,negativo,twitter
Empleo,0.7506,positivo,twitter
Automatizacion,0.7506,positivo,twitter
Empleo,0.4215,positivo,twitter
Automatizacion,0.4215,positivo,twitter
General,0.7713,positivo,twitter
Automatizacion,0.0,neutro,twitter
General,0.3612,positivo,twitter
General,0.0,neutro,twitter
Automatizacion,0.4404,positivo,twitter
Empleo,0.4767,positivo,twitter
Automatizacion,0.4767,positivo,twitter
Futuro,0.4767,positivo,twitter
Etica,0.4767,positivo,twitter
General,0.0,neutro,twitter
General,0.4588,positivo,twitter
General,0.0,neutro,twitter
Automatizacion,0.0,neutro,twitter
Automatizacion,0.0,neutro,twitter
Futuro,0.0,neutro,twitter
General,-0.0516,negativo,twitter
Futuro,0.3818,positivo,twitter
General,0.0,neutro,twitter
General,0.0,neutro,twitter
Automatizacion,0.7184,positivo,twitter
Empleo,-0.2023,negativo,twitter
Empleo,0.0,neutro,twitter
Automatizacion,0.0,neutro,twitter
General,0.0,neutro,twitter
Automatizacion,0.0,neutro,twitter
Automatizacion,0.8268,positivo,twitter
General,-0.3612,negativo,twitter
General,0.0,neutro,twitter
Automatizacion,0.0,neutro,twitter
Automatizacion,0.5106,positivo,twitter
Etica,0.5106,positivo,twitter
Automatizacion,0.6808,positivo,twitter
Empleo,0.0,neutro,twitter
Automatizacion,0.0,neutro,twitter
Automatizacion,0.0,neutro,twitter
Automatizacion,0.5994,positivo,twitter
Empleo,0.5719,positivo,twitter
Automatizacion,0.5719,positivo,twitter
Automatizacion,0.7184,positivo,twitter
Empleo,0.0,neutro,twitter
Automatizacion,0.0,neutro,twitter
Futuro,0.0,neutro,twitter
Automatizacion,0.0,neutro,twitter
Automatizacion,0.0,neutro,twitter
General,0.0,neutro,twitter
Automatizacion,0.6369,positivo,twitter
General,0.0,neutro,twitter
General,-0.296,negativo,twitter
General,0.4404,positivo,twitter
General,0.2023,positivo,twitter
Automatizacion,0.0,neutro,twitter
Automatizacion,0.3818,positivo,twitter
Automatizacion,0.6597,positivo,twitter
General,0.4404,positivo,twitter
Empleo,0.0,neutro,twitter
Automatizacion,0.0,neutro,twitter
Automatizacion,0.0,neutro,twitter
Automatizacion,0.0,neutro,twitter
Empleo,0.6597,positivo,twitter
Automatizacion,0.6597,positivo,twitter
Automatizacion,0.4019,positivo,twitter
Automatizacion,0.8176,positivo,twitter
Automatizacion,0.0,neutro,twitter
Productividad,0.3818,positivo,twitter
Automatizacion,0.0,neutro,twitter
Empleo,0.0,neutro,twitter
Automatizacion,0.0,neutro,twitter
General,0.0,neutro,twitter
General,0.0,neutro,twitter
General,0.0,neutro,twitter
Automatizacion,0.0,neutro,twitter
Automatizacion,0.2023,positivo,twitter
Futuro,0.2023,positivo,twitter
Automatizacion,0.0,neutro,twitter
Futuro,0.0,neutro,twitter
Automatizacion,0.5106,positivo,twitter
Automatizacion,0.0,neutro,twitter
Empleo,0.6597,positivo,twitter
Automatizacion,0.6597,positivo,twitter
Empleo,-0.5423,negativo,twitter
Automatizacion,0.743,positivo,twitter
General,0.0,neutro,twitter
Automatizacion,-0.2263,negativo,twitter
Futuro,0.0,neutro,twitter
Economia,0.0,neutro,twitter
Automatizacion,0.2732,positivo,twitter
Empleo,0.0,neutro,twitter
Automatizacion,0.0,neutro,twitter
Futuro,0.0,neutro,twitter
Etica,0.0,neutro,twitter
Empleo,0.5574,positivo,twitter
Automatizacion,0.0,neutro,twitter
Automatizacion,0.4019,positivo,twitter
Empleo,0.8176,positivo,twitter
Automatizacion,0.8176,positivo,twitter
Automatizacion,0.6369,positivo,twitter
Automatizacion,-0.5106,negativo,twitter
Empleo,0.7184,positivo,twitter
Automatizacion,0.7184,positivo,twitter
Futuro,0.7184,positivo,twitter
General,0.3182,positivo,twitter
Automatizacion,0.0,neutro,twitter
Automatizacion,0.0,neutro,twitter
General,0.0,neutro,twitter
Automatizacion,0.3071,positivo,twitter
Automatizacion,0.0,neutro,twitter
Empleo,0.5423,positivo,twitter
Economia,0.5423,positivo,twitter
Automatizacion,0.3818,positivo,twitter
Automatizacion,0.872,positivo,twitter
Productividad,0.872,positivo,twitter
Empleo,0.4215,positivo,twitter
Automatizacion,0.4215,positivo,twitter
Automatizacion,0.0,neutro,twitter
Automatizacion,0.6369,positivo,twitter
Automatizacion,0.4215,positivo,twitter
Automatizacion,-0.5423,negativo,twitter
Productividad,-0.5423,negativo,twitter
Automatizacion,0.296,positivo,twitter
Empleo,0.6808,positivo,twitter
Automatizacion,0.6808,positivo,twitter
Automatizacion,-0.6808,negativo,twitter
Automatizacion,0.0,neutro,twitter
Empleo,0.4588,positivo,twitter
Automatizacion,0.4588,positivo,twitter
Etica,0.4404,positivo,twitter
Automatizacion,0.0,neutro,twitter
Futuro,0.0,neutro,twitter
Automatizacion,0.0,neutro,twitter
General,0.0,neutro,twitter
Automatizacion,0.3612,positivo,twitter
Futuro,0.3612,positivo,twitter
General,0.5859,positivo,twitter
Automatizacion,0.0,neutro,twitter
Futuro,0.0,neutro,twitter
Automatizacion,0.5106,positivo,twitter
General,0.5106,positivo,twitter
General,0.5719,positivo,twitter
Automatizacion,0.0,neutro,twitter
Empleo,0.0,neutro,twitter
Automatizacion,0.0,neutro,twitter
Futuro,0.0,neutro,twitter
Empleo,0.1531,positivo,twitter
Automatizacion,0.1531,positivo,twitter
Automatizacion,0.0,neutro,twitter
Etica,0.0,neutro,twitter
Automatizacion,0.3071,positivo,twitter
Automatizacion,0.6597,positivo,twitter
Automatizacion,0.0,neutro,twitter
General,0.0,neutro,twitter
Automatizacion,-0.128,negativo,twitter
Futuro,-0.128,negativo,twitter
Empleo,0.2732,positivo,twitter
Automatizacion,0.2732,positivo,twitter
Automatizacion,0.4404,positivo,twitter
General,0.4019,positivo,twitter
Automatizacion,0.5994,positivo,twitter
Productividad,0.5994,positivo,twitter
Automatizacion,0.4404,positivo,twitter
General,0.0258,neutro,twitter
Automatizacion,0.1027,positivo,twitter
Etica,0.1027,positivo,twitter
Empleo,0.0,neutro,twitter
Automatizacion,0.0,neutro,twitter
Automatizacion,0.0,neutro,twitter
Futuro,0.0,neutro,twitter
General,0.0,neutro,twitter
Automatizacion,0.0,neutro,twitter
Futuro,0.0,neutro,twitter
Futuro,0.3818,positivo,twitter
Automatizacion,-0.5574,negativo,twitter
Automatizacion,0.0,neutro,twitter
Automatizacion,0.0,neutro,twitter
General,0.4404,positivo,twitter
Automatizacion,0.3612,positivo,twitter
Empleo,0.0,neutro,twitter
Automatizacion,0.0,neutro,twitter
Futuro,0.0,neutro,twitter
Automatizacion,0.3818,positivo,twitter
Automatizacion,0.0,neutro,twitter
Automatizacion,0.0,neutro,twitter
General,-0.296,negativo,twitter
General,0.0,neutro,twitter
General,0.0,neutro,twitter
Productividad,0.0,neutro,twitter
Automatizacion,0.2732,positivo,twitter
Automatizacion,0.0,neutro,twitter
Automatizacion,0.6249,positivo,twitter
Futuro,0.6249,positivo,twitter
Automatizacion,-0.0772,negativo,twitter
Automatizacion,0.2732,positivo,twitter
Automatizacion,0.4767,positivo,twitter
General,-0.5859,negativo,twitter
General,0.6369,positivo,twitter
Empleo,0.7717,positivo,twitter
Automatizacion,0.7717,positivo,twitter
Automatizacion,0.5267,positivo,twitter
Economia,-0.4019,negativo,twitter
Automatizacion,-0.2732,negativo,twitter
Empleo,0.4215,positivo,twitter
General,0.0,neutro,twitter
Empleo,0.0,neutro,twitter
Automatizacion,0.0,neutro,twitter
Futuro,0.0,neutro,twitter
General,0.0,neutro,twitter
Automatizacion,0.0,neutro,twitter
Empleo,0.7506,positivo,twitter
Automatizacion,0.7506,positivo,twitter
Etica,0.7506,positivo,twitter
General,0.4404,positivo,twitter
Empleo,-0.6486,negativo,twitter
Automatizacion,-0.6486,negativo,twitter
Futuro,-0.6486,negativo,twitter
Etica,-0.6486,negativo,twitter
Empleo,0.0,neutro,twitter
Automatizacion,0.0,neutro,twitter
Automatizacion,0.0,neutro,twitter
General,0.25,positivo,twitter
General,0.4404,positivo,twitter
Productividad,-0.34,negativo,twitter
Automatizacion,0.1779,positivo,twitter
Futuro,0.1779,positivo,twitter
Productividad,0.1779,positivo,twitter
General,0.2023,positivo,twitter
Automatizacion,0.4767,positivo,twitter
Economia,0.4767,positivo,twitter
Automatizacion,0.4767,positivo,twitter
Automatizacion,0.0,neutro,twitter
Futuro,0.0,neutro,twitter
Empleo,0.0,neutro,twitter
Empleo,0.0258,neutro,twitter
Futuro,0.0258,neutro,twitter
General,0.0,neutro,twitter
Automatizacion,0.7351,positivo,twitter
General,0.0,neutro,twitter
Automatizacion,0.0,neutro,twitter
Futuro,0.0,neutro,twitter
Automatizacion,0.0,neutro,twitter
General,0.0,neutro,twitter
Etica,0.8591,positivo,twitter
General,-0.296,negativo,twitter
Automatizacion,0.8316,positivo,twitter
Automatizacion,0.0,neutro,twitter
Empleo,0.0,neutro,twitter
Automatizacion,0.0,neutro,twitter
Futuro,0.0,neutro,twitter
General,0.6597,positivo,twitter
General,0.2023,positivo,twitter
Empleo,0.6808,positivo,twitter
Automatizacion,0.6808,positivo,twitter
Futuro,0.6808,positivo,twitter
Automatizacion,0.0,neutro,twitter
Automatizacion,0.0,neutro,twitter
General,0.4019,positivo,twitter
Automatizacion,0.3818,positivo,twitter
Automatizacion,0.0,neutro,twitter
Automatizacion,0.0,neutro,twitter
Productividad,0.9378,positivo,twitter
Economia,0.9378,positivo,twitter
Automatizacion,0.5994,positivo,twitter
Futuro,0.5994,positivo,twitter
Automatizacion,0.0,neutro,twitter
General,0.0,neutro,twitter
Empleo,0.0,neutro,twitter
Automatizacion,0.0,neutro,twitter
Empleo,0.0,neutro,twitter
Automatizacion,0.0,neutro,twitter
Empleo,0.0,neutro,twitter
Automatizacion,0.0,neutro,twitter
General,0.4215,positivo,twitter
General,0.4767,positivo,twitter
General,0.0,neutro,twitter
Automatizacion,0.0,neutro,twitter
Productividad,0.4215,positivo,twitter
Economia,0.4215,positivo,twitter
Automatizacion,0.8074,positivo,twitter
Futuro,0.8074,positivo,twitter
Automatizacion,0.0,neutro,twitter
Futuro,0.0,neutro,twitter
Automatizacion,0.0,neutro,twitter
Futuro,0.0,neutro,twitter
Automatizacion,0.7717,positivo,twitter
Empleo,0.3818,positivo,twitter
Futuro,0.3818,positivo,twitter
Automatizacion,0.4767,positivo,twitter
General,0.0,neutro,twitter
Empleo,0.4404,positivo,twitter
Automatizacion,0.4404,positivo,twitter
Futuro,0.4404,positivo,twitter
General,0.3182,positivo,twitter
Empleo,0.7003,positivo,twitter
Automatizacion,0.7003,positivo,twitter
Economia,0.7003,positivo,twitter
Automatizacion,0.0,neutro,twitter
Automatizacion,0.0,neutro,twitter
Futuro,0.0,neutro,twitter
General,0.6369,positivo,twitter
Economia,0.1027,positivo,twitter
Automatizacion,0.0,neutro,twitter
General,0.7783,positivo,twitter
General,0.5719,positivo,twitter
Empleo,0.0,neutro,twitter
Automatizacion,0.0,neutro,twitter
Empleo,0.0,neutro,twitter
Automatizacion,0.0,neutro,twitter
General,0.296,positivo,twitter
General,0.296,positivo,twitter
Empleo,0.2617,positivo,twitter
Automatizacion,0.2617,positivo,twitter
Futuro,0.2617,positivo,twitter
Etica,0.2617,positivo,twitter
Automatizacion,0.0,neutro,twitter
Automatizacion,-0.34,negativo,twitter
Futuro,-0.34,negativo,twitter
Empleo,0.5574,positivo,twitter
Automatizacion,0.5574,positivo,twitter
Futuro,0.5574,positivo,twitter
Etica,0.5574,positivo,twitter
Empleo,0.4767,positivo,twitter
Empleo,0.4215,positivo,twitter
Automatizacion,0.4215,positivo,twitter
General,0.0,neutro,twitter
Automatizacion,0.6597,positivo,twitter
Automatizacion,0.0,neutro,twitter
Economia,0.0,neutro,twitter
Empleo,0.0,neutro,twitter
Automatizacion,0.0,neutro,twitter
General,0.5859,positivo,twitter
General,0.0,neutro,twitter
Empleo,0.6997,positivo,twitter
Automatizacion,0.6997,positivo,twitter
Futuro,0.6997,positivo,twitter
Etica,0.6997,positivo,twitter
Empleo,0.7845,positivo,twitter
Etica,0.0258,neutro,twitter
Automatizacion,0.0,neutro,twitter
Automatizacion,-0.34,negativo,twitter
General,0.2212,positivo,twitter
Automatizacion,0.0,neutro,twitter
Automatizacion,0.5106,positivo,twitter
Futuro,0.5106,positivo,twitter
General,0.7841,positivo,twitter
General,0.0,neutro,twitter
Automatizacion,-0.4588,negativo,twitter
Futuro,-0.4588,negativo,twitter
Automatizacion,0.2023,positivo,twitter
Automatizacion,0.0,neutro,twitter
Automatizacion,0.0,neutro,twitter
Automatizacion,0.0,neutro,twitter
Futuro,0.0,neutro,twitter
Empleo,0.2732,positivo,twitter
Automatizacion,0.2732,positivo,twitter
Empleo,0.0,neutro,twitter
Automatizacion,0.0,neutro,twitter
Automatizacion,0.0,neutro,twitter
Futuro,0.0,neutro,twitter
Empleo,0.6597,positivo,twitter
Automatizacion,0.6597,positivo,twitter
Automatizacion,0.128,positivo,twitter
Futuro,0.128,positivo,twitter
Automatizacion,0.0,neutro,twitter
Futuro,0.0,neutro,twitter
General,0.0,neutro,twitter
Automatizacion,-0.296,negativo,twitter
Automatizacion,0.0,neutro,twitter
Empleo,0.0,neutro,twitter
Automatizacion,0.0,neutro,twitter
Futuro,0.0,neutro,twitter
Etica,0.0,neutro,twitter
Economia,0.0,neutro,twitter
Empleo,0.0,neutro,twitter
General,0.4019,positivo,twitter
Automatizacion,0.0,neutro,twitter
Automatizacion,0.8126,positivo,twitter
General,0.0,neutro,twitter
General,0.4939,positivo,twitter
Automatizacion,0.0,neutro,twitter
Futuro,0.0,neutro,twitter
General,0.0,neutro,twitter
General,0.4404,positivo,twitter
Automatizacion,0.6486,positivo,twitter
Productividad,0.5994,positivo,twitter
Automatizacion,0.3612,positivo,twitter
Etica,0.3612,positivo,twitter
Empleo,0.0,neutro,twitter
Automatizacion,0.0,neutro,twitter
Futuro,0.6597,positivo,twitter
General,0.0,neutro,twitter
Empleo,0.0,neutro,twitter
Automatizacion,0.0,neutro,twitter
Automatizacion,0.0,neutro,twitter
Automatizacion,0.0,neutro,twitter
Futuro,0.0,neutro,twitter
Economia,0.0,neutro,twitter
Empleo,0.0,neutro,twitter
Automatizacion,0.0,neutro,twitter
Futuro,0.0,neutro,twitter
Automatizacion,0.0,neutro,twitter
Automatizacion,0.6486,positivo,twitter
General,0.7264,positivo,twitter
Empleo,0.0,neutro,twitter
Automatizacion,0.0,neutro,twitter
General,0.8225,positivo,twitter
Automatizacion,0.836,positivo,twitter
Automatizacion,0.0,neutro,twitter
Futuro,0.0,neutro,twitter
General,0.6124,positivo,twitter
Automatizacion,0.8225,positivo,twitter
Economia,0.8225,positivo,twitter
Automatizacion,0.0,neutro,twitter
Futuro,0.0,neutro,twitter
Automatizacion,0.0,neutro,twitter
Automatizacion,0.0,neutro,twitter
General,0.8074,positivo,twitter
Empleo,0.4215,positivo,twitter
Automatizacion,0.2732,positivo,twitter
Automatizacion,0.0,neutro,twitter
General,0.0,neutro,twitter
Empleo,0.0,neutro,twitter
Automatizacion,0.0,neutro,twitter
Futuro,0.0,neutro,twitter
Empleo,0.0,neutro,twitter
General,0.8442,positivo,twitter
Automatizacion,0.34,positivo,twitter
General,0.4215,positivo,twitter
Productividad,0.9468,positivo,twitter
Automatizacion,0.4767,positivo,twitter
General,0.0,neutro,twitter
Automatizacion,0.4404,positivo,twitter
Automatizacion,0.0,neutro,twitter
Futuro,0.0,neutro,twitter
Automatizacion,0.5106,positivo,twitter
Futuro,0.5106,positivo,twitter
Automatizacion,0.5106,positivo,twitter
Etica,0.5106,positivo,twitter
Economia,0.3818,positivo,twitter
General,-0.2732,negativo,twitter
Empleo,0.6486,positivo,twitter
General,0.0772,positivo,twitter
General,0.0,neutro,twitter
Empleo,0.0,neutro,twitter
Automatizacion,0.0,neutro,twitter
Futuro,0.0,neutro,twitter
Etica,0.0,neutro,twitter
Economia,0.0,neutro,twitter
General,0.0,neutro,twitter
Automatizacion,0.0,neutro,twitter
General,0.25,positivo,twitter
General,0.34,positivo,twitter
Automatizacion,0.6369,positivo,twitter
Automatizacion,0.296,positivo,twitter
Futuro,0.296,positivo,twitter
General,0.0,neutro,twitter
Automatizacion,0.2732,positivo,twitter
General,0.0,neutro,twitter
Empleo,0.0,neutro,twitter
Automatizacion,0.0,neutro,twitter
Economia,0.0,neutro,twitter
Automatizacion,0.4588,positivo,twitter
Etica,-0.1027,negativo,twitter
General,0.6369,positivo,twitter
Automatizacion,0.5859,positivo,twitter
General,0.0,neutro,twitter
Automatizacion,0.4215,positivo,twitter
Automatizacion,0.4767,positivo,twitter
Automatizacion,0.0,neutro,twitter
Automatizacion,0.0,neutro,twitter
Futuro,-0.2238,negativo,twitter
Automatizacion,0.3612,positivo,twitter
General,0.0,neutro,twitter
General,0.5106,positivo,twitter
Empleo,0.4588,positivo,twitter
Automatizacion,0.4588,positivo,twitter
General,-0.1779,negativo,twitter
Automatizacion,0.3818,positivo,twitter
Automatizacion,0.0,neutro,twitter
Futuro,0.0,neutro,twitter
Empleo,0.0,neutro,twitter
Automatizacion,0.0,neutro,twitter
Automatizacion,0.0,neutro,twitter
Futuro,0.0,neutro,twitter
General,0.2023,positivo,twitter
Automatizacion,0.25,positivo,twitter
Futuro,0.25,positivo,twitter
Empleo,0.3182,positivo,twitter
Automatizacion,0.3182,positivo,twitter
Futuro,0.3182,positivo,twitter
Etica,0.3182,positivo,twitter
Productividad,0.4404,positivo,twitter
General,0.0,neutro,twitter
Futuro,0.0,neutro,twitter
General,0.0,neutro,twitter
Automatizacion,0.4404,positivo,twitter
Futuro,0.4404,positivo,twitter
General,0.0,neutro,twitter
Automatizacion,0.2263,positivo,twitter
Empleo,0.0,neutro,twitter
Automatizacion,0.0,neutro,twitter
General,0.3612,positivo,twitter
Automatizacion,0.0,neutro,twitter
Futuro,0.4767,positivo,twitter
Automatizacion,0.0,neutro,twitter
Futuro,0.0,neutro,twitter
Automatizacion,0.6597,positivo,twitter
Futuro,0.6597,positivo,twitter
General,0.128,positivo,twitter
Empleo,0.0,neutro,twitter
Automatizacion,0.0,neutro,twitter
Automatizacion,0.6115,positivo,twitter
Automatizacion,0.4404,positivo,twitter
Automatizacion,-0.0258,neutro,twitter
General,0.0,neutro,twitter
Futuro,0.0,neutro,twitter
Automatizacion,0.4019,positivo,twitter
Automatizacion,0.8402,positivo,twitter
Empleo,0.1779,positivo,twitter
Automatizacion,0.1779,positivo,twitter
Empleo,0.2732,positivo,twitter
Automatizacion,0.2732,positivo,twitter
Futuro,0.2732,positivo,twitter
Etica,0.2732,positivo,twitter
Automatizacion,0.3612,positivo,twitter
Futuro,0.3612,positivo,twitter
Automatizacion,0.0,neutro,twitter
Automatizacion,0.7845,positivo,twitter
Etica,0.7845,positivo,twitter
General,0.4404,positivo,twitter
Futuro,0.6369,positivo,twitter
Automatizacion,0.0,neutro,twitter
Futuro,0.0,neutro,twitter
General,0.3818,positivo,twitter
Automatizacion,0.0,neutro,twitter
Futuro,0.0,neutro,twitter
General,0.4588,positivo,twitter
General,0.2732,positivo,twitter
Empleo,0.4215,positivo,twitter
Automatizacion,0.4215,positivo,twitter
Automatizacion,0.2732,positivo,twitter
Automatizacion,-0.6124,negativo,twitter
Empleo,0.0,neutro,twitter
Automatizacion,0.0,neutro,twitter
Futuro,0.0,neutro,twitter
General,0.0258,neutro,twitter
Automatizacion,0.0,neutro,twitter
Automatizacion,0.5106,positivo,twitter
Automatizacion,0.0,neutro,twitter
Automatizacion,0.6369,positivo,twitter
Automatizacion,0.4019,positivo,twitter
Automatizacion,0.0,neutro,twitter
Futuro,0.0,neutro,twitter
Automatizacion,0.4019,positivo,twitter
Futuro,0.0,neutro,twitter
Empleo,0.0,neutro,twitter
Automatizacion,0.0,neutro,twitter
Automatizacion,0.0,neutro,twitter
Futuro,0.0,neutro,twitter
General,0.0,neutro,twitter
General,0.6652,positivo,twitter
General,-0.5859,negativo,twitter
Automatizacion,0.3612,positivo,twitter
Futuro,0.3612,positivo,twitter
Futuro,0.0,neutro,twitter
Etica,0.0,neutro,twitter
Automatizacion,-0.1027,negativo,twitter
Automatizacion,0.0,neutro,twitter
General,0.0,neutro,twitter
Automatizacion,0.4939,positivo,twitter
Automatizacion,0.4215,positivo,twitter
Empleo,0.0,neutro,twitter
Automatizacion,0.0,neutro,twitter
Futuro,0.0,neutro,twitter
Etica,0.0,neutro,twitter
Empleo,0.0,neutro,twitter
Automatizacion,0.0,neutro,twitter
Futuro,0.0,neutro,twitter
Automatizacion,0.8658,positivo,twitter
General,-0.5423,negativo,twitter
Automatizacion,0.0,neutro,twitter
Futuro,0.0,neutro,twitter
Automatizacion,0.6597,positivo,twitter
General,0.4767,positivo,twitter
Empleo,0.7845,positivo,twitter
General,0.5859,positivo,twitter
General,0.0,neutro,twitter
Empleo,0.0,neutro,twitter
Automatizacion,0.0,neutro,twitter
Empleo,0.3818,positivo,twitter
Automatizacion,0.3818,positivo,twitter
Economia,0.3818,positivo,twitter
Empleo,0.0,neutro,twitter
Automatizacion,0.0,neutro,twitter
Futuro,0.0,neutro,twitter
Automatizacion,0.5719,positivo,twitter
General,0.0,neutro,twitter
General,0.8834,positivo,twitter
Productividad,0.4019,positivo,twitter
General,0.0,neutro,twitter
Automatizacion,0.4404,positivo,twitter
Empleo,0.0,neutro,twitter
Automatizacion,0.0,neutro,twitter
Automatizacion,0.2023,positivo,twitter
Automatizacion,0.3818,positivo,twitter
Automatizacion,0.6808,positivo,twitter
Empleo,0.0,neutro,twitter
Automatizacion,0.0,neutro,twitter
Futuro,0.0,neutro,twitter
Etica,0.0,neutro,twitter
General,0.8957,positivo,twitter
Empleo,0.5789,positivo,twitter
Automatizacion,0.5789,positivo,twitter
General,0.6369,positivo,twitter
Empleo,0.2732,positivo,twitter
Automatizacion,0.2732,positivo,twitter
Futuro,0.2732,positivo,twitter
Etica,0.2732,positivo,twitter
Empleo,0.0,neutro,twitter
Automatizacion,0.0,neutro,twitter
Automatizacion,0.7351,positivo,twitter
General,0.4215,positivo,twitter
Empleo,0.3818,positivo,twitter
Automatizacion,0.3818,positivo,twitter
Automatizacion,0.4404,positivo,twitter
Futuro,0.4404,positivo,twitter
Empleo,0.4215,positivo,twitter
Automatizacion,0.4215,positivo,twitter
Automatizacion,0.4588,positivo,twitter
Empleo,0.5994,positivo,twitter
Automatizacion,0.5994,positivo,twitter
Futuro,0.5994,positivo,twitter
Etica,0.5994,positivo,twitter
Automatizacion,0.0,neutro,twitter
General,0.3818,positivo,twitter
Automatizacion,0.0,neutro,twitter
Automatizacion,0.8261,positivo,twitter
Automatizacion,0.8402,positivo,twitter
Automatizacion,0.4767,positivo,twitter
Etica,0.4767,positivo,twitter
Empleo,0.6249,positivo,twitter
Automatizacion,0.6249,positivo,twitter
Futuro,0.6249,positivo,twitter
Etica,0.6249,positivo,twitter
Automatizacion,0.6124,positivo,twitter
Automatizacion,0.7184,positivo,twitter
Futuro,0.7184,positivo,twitter
Empleo,0.5859,positivo,twitter
Automatizacion,0.5859,positivo,twitter
General,0.0,neutro,twitter
General,0.0772,positivo,twitter
General,0.5106,positivo,twitter
Productividad,0.7264,positivo,twitter
Economia,0.7264,positivo,twitter
General,0.0,neutro,twitter
Automatizacion,0.549,positivo,twitter
Empleo,0.0,neutro,twitter
Automatizacion,0.0,neutro,twitter
Empleo,0.4215,positivo,twitter
Automatizacion,0.4215,positivo,twitter
Automatizacion,0.2732,positivo,twitter
Futuro,0.2732,positivo,twitter
General,0.0,neutro,twitter
Automatizacion,0.0,neutro,twitter
General,0.0,neutro,twitter
General,-0.126,negativo,twitter
Automatizacion,0.0,neutro,twitter
Futuro,0.0,neutro,twitter
Automatizacion,-0.6597,negativo,twitter
General,0.0,neutro,twitter
Empleo,0.4404,positivo,twitter
Automatizacion,0.4404,positivo,twitter
Automatizacion,0.6486,positivo,twitter
Automatizacion,0.0,neutro,twitter
General,0.4588,positivo,twitter
Empleo,0.0,neutro,twitter
Automatizacion,0.0,neutro,twitter
General,0.0772,positivo,twitter
Empleo,0.4215,positivo,twitter
Futuro,0.4215,positivo,twitter
Automatizacion,0.0,neutro,twitter
Futuro,0.0,neutro,twitter
General,0.6369,positivo,twitter
General,0.0,neutro,twitter
General,0.0,neutro,twitter
Automatizacion,0.0,neutro,twitter
Futuro,0.0,neutro,twitter
General,0.3818,positivo,twitter
Empleo,0.6369,positivo,twitter
Automatizacion,0.6369,positivo,twitter
Automatizacion,0.0,neutro,twitter
General,0.8176,positivo,twitter
General,0.3182,positivo,twitter
Automatizacion,0.3818,positivo,twitter
Automatizacion,0.0,neutro,twitter
Automatizacion,0.4019,positivo,twitter
Automatizacion,0.4019,positivo,twitter
Automatizacion,0.0,neutro,twitter
Empleo,0.0,neutro,twitter
Automatizacion,0.0,neutro,twitter
Automatizacion,0.7096,positivo,twitter
Futuro,0.7096,positivo,twitter
Automatizacion,0.0,neutro,twitter
Futuro,0.0,neutro,twitter
Automatizacion,0.0,neutro,twitter
Empleo,0.4404,positivo,twitter
Automatizacion,0.4404,positivo,twitter
Empleo,0.0,neutro,twitter
General,0.0,neutro,twitter
Empleo,0.3818,positivo,twitter
Automatizacion,0.3818,positivo,twitter
General,0.4019,positivo,twitter
Automatizacion,0.0,neutro,twitter
General,0.5719,positivo,twitter
Automatizacion,0.0,neutro,twitter
General,0.6369,positivo,twitter
Futuro,0.3818,positivo,twitter
General,0.6124,positivo,twitter
General,0.5423,positivo,twitter
Automatizacion,0.0,neutro,twitter
Futuro,0.0,neutro,twitter
General,0.0,neutro,twitter
Automatizacion,0.6124,positivo,twitter
Automatizacion,0.4939,positivo,twitter
Automatizacion,-0.1779,negativo,twitter
Empleo,0.0,neutro,twitter
Automatizacion,0.0,neutro,twitter
Automatizacion,0.4019,positivo,twitter
Futuro,0.4019,positivo,twitter
Automatizacion,0.4404,positivo,twitter
General,0.8176,positivo,twitter
Automatizacion,0.0,neutro,twitter
Automatizacion,0.7003,positivo,twitter
Futuro,0.7003,positivo,twitter
Empleo,-0.4215,negativo,twitter
Automatizacion,-0.4215,negativo,twitter
Automatizacion,0.0,neutro,twitter
Automatizacion,0.4019,positivo,twitter
Automatizacion,0.0,neutro,twitter
Economia,0.0,neutro,twitter
General,0.0,neutro,twitter
General,0.0,neutro,twitter
Automatizacion,0.6249,positivo,twitter
Futuro,0.6249,positivo,twitter
Automatizacion,-0.3182,negativo,twitter
General,-0.2095,negativo,twitter
General,0.0,neutro,twitter
Automatizacion,0.0,neutro,twitter
Futuro,0.0,neutro,twitter
General,0.0,neutro,twitter
Automatizacion,-0.4404,negativo,twitter
General,0.0,neutro,twitter
Automatizacion,0.0,neutro,twitter
Productividad,0.8442,positivo,twitter
Automatizacion,-0.4019,negativo,twitter
General,0.0,neutro,twitter
Productividad,0.4215,positivo,twitter
General,0.0,neutro,twitter
Empleo,0.7269,positivo,twitter
Automatizacion,0.7269,positivo,twitter
General,0.3612,positivo,twitter
General,0.0,neutro,twitter
Automatizacion,0.5106,positivo,twitter
Automatizacion,0.6124,positivo,twitter
Futuro,0.6124,positivo,twitter
Productividad,0.6124,positivo,twitter
Empleo,0.4215,positivo,twitter
Automatizacion,0.4215,positivo,twitter
Automatizacion,0.0,neutro,twitter
Automatizacion,0.0,neutro,twitter
General,0.0,neutro,twitter
Automatizacion,0.2023,positivo,twitter
General,0.4767,positivo,twitter
Automatizacion,-0.3818,negativo,twitter
Automatizacion,0.4588,positivo,twitter
Automatizacion,0.0,neutro,twitter
Empleo,0.6369,positivo,twitter
Futuro,0.6369,positivo,twitter
General,0.2732,positivo,twitter
General,0.5106,positivo,twitter
Automatizacion,0.0,neutro,twitter
Automatizacion,0.8322,positivo,twitter
Automatizacion,0.0,neutro,twitter
Futuro,0.0,neutro,twitter
Automatizacion,0.128,positivo,twitter
General,-0.4767,negativo,twitter
Automatizacion,0.6249,positivo,twitter
Futuro,0.6249,positivo,twitter
Automatizacion,0.5859,positivo,twitter
Futuro,0.5859,positivo,twitter
Automatizacion,0.4157,positivo,twitter
General,0.296,positivo,twitter
General,0.0,neutro,twitter
Automatizacion,0.0,neutro,twitter
Automatizacion,0.0,neutro,twitter
General,0.8176,positivo,twitter
General,0.0,neutro,twitter
Automatizacion,0.8176,positivo,twitter
Empleo,0.1154,positivo,twitter
Futuro,0.1154,positivo,twitter
Empleo,0.6597,positivo,twitter
Automatizacion,0.6597,positivo,twitter
Empleo,0.296,positivo,twitter
Automatizacion,0.296,positivo,twitter
General,0.0,neutro,twitter
Automatizacion,-0.296,negativo,twitter
Empleo,0.4767,positivo,twitter
Automatizacion,0.0,neutro,twitter
General,0.0,neutro,twitter
General,0.0,neutro,twitter
Automatizacion,0.6124,positivo,twitter
Automatizacion,0.5719,positivo,twitter
Empleo,0.0,neutro,twitter
Automatizacion,0.0,neutro,twitter
Automatizacion,0.1027,positivo,twitter
Empleo,0.0,neutro,twitter
Automatizacion,0.0,neutro,twitter
Automatizacion,0.3818,positivo,twitter
Etica,0.3818,positivo,twitter
Automatizacion,-0.128,negativo,twitter
Automatizacion,0.5106,positivo,twitter
Automatizacion,0.7506,positivo,twitter
Automatizacion,0.3612,positivo,twitter
Automatizacion,0.5106,positivo,twitter
Automatizacion,0.1027,positivo,twitter
Futuro,0.1027,positivo,twitter
Automatizacion,0.0,neutro,twitter
Automatizacion,0.0,neutro,twitter
Automatizacion,0.0,neutro,twitter
General,0.8402,positivo,twitter
Automatizacion,0.0,neutro,twitter
Etica,0.2023,positivo,twitter
Empleo,0.4939,positivo,twitter
Automatizacion,0.4939,positivo,twitter
Empleo,0.7003,positivo,twitter
Automatizacion,0.7003,positivo,twitter
General,0.5859,positivo,twitter
General,0.4019,positivo,twitter
Automatizacion,0.7506,positivo,twitter
General,0.0,neutro,twitter
Automatizacion,-0.4019,negativo,twitter
Automatizacion,0.6369,positivo,twitter
Automatizacion,0.0,neutro,twitter
General,0.1139,positivo,twitter
Automatizacion,0.0,neutro,twitter
Automatizacion,0.0,neutro,twitter
Futuro,0.0,neutro,twitter
Automatizacion,0.0,neutro,twitter
Automatizacion,-0.5994,negativo,twitter
Empleo,0.5423,positivo,twitter
Economia,0.5423,positivo,twitter
Automatizacion,0.0,neutro,twitter
Futuro,0.9062,positivo,twitter
Automatizacion,0.5574,positivo,twitter
Automatizacion,0.6249,positivo,twitter
Futuro,0.6249,positivo,twitter
Automatizacion,-0.6124,negativo,twitter
Automatizacion,-0.296,negativo,twitter
Automatizacion,0.743,positivo,twitter
Futuro,0.743,positivo,twitter
Automatizacion,0.34,positivo,twitter
Automatizacion,0.5267,positivo,twitter
Etica,0.5267,positivo,twitter
General,0.0,neutro,twitter
Automatizacion,0.0,neutro,twitter
Empleo,0.2732,positivo,twitter
Automatizacion,0.2732,positivo,twitter
Automatizacion,0.3182,positivo,twitter
Automatizacion,0.0,neutro,twitter
Automatizacion,0.128,positivo,twitter
Etica,0.128,positivo,twitter
Empleo,0.2263,positivo,twitter
Automatizacion,0.2263,positivo,twitter
Automatizacion,0.0,neutro,twitter
Futuro,0.0,neutro,twitter
General,0.2263,positivo,twitter
Automatizacion,0.6369,positivo,twitter
Automatizacion,0.3612,positivo,twitter
Futuro,0.3612,positivo,twitter
Automatizacion,0.0,neutro,twitter
Empleo,0.4215,positivo,twitter
Automatizacion,0.7351,positivo,twitter
Futuro,0.3612,positivo,twitter
Automatizacion,0.0,neutro,twitter
General,0.0,neutro,twitter
General,0.0,neutro,twitter
Automatizacion,0.0,neutro,twitter
Empleo,0.4215,positivo,twitter
Automatizacion,0.4215,positivo,twitter
General,0.0,neutro,twitter
Automatizacion,0.4404,positivo,twitter
Empleo,0.0,neutro,twitter
Automatizacion,0.0,neutro,twitter
General,0.6249,positivo,twitter
General,-0.7717,negativo,twitter
Automatizacion,0.4767,positivo,twitter
General,0.1531,positivo,twitter
Automatizacion,0.1779,positivo,twitter
Automatizacion,0.3182,positivo,twitter
Etica,0.3182,positivo,twitter
Automatizacion,0.2732,positivo,twitter
Economia,0.2732,positivo,twitter
Automatizacion,0.0772,positivo,twitter
Futuro,0.0772,positivo,twitter
Empleo,0.0,neutro,twitter
Automatizacion,0.0,neutro,twitter
General,0.0,neutro,twitter
Automatizacion,0.0,neutro,twitter
Automatizacion,0.0,neutro,twitter
Automatizacion,0.6369,positivo,twitter
Futuro,0.6369,positivo,twitter
Empleo,0.8176,positivo,twitter
Automatizacion,0.8176,positivo,twitter
Automatizacion,0.0,neutro,twitter
Empleo,0.0,neutro,twitter
Automatizacion,0.0,neutro,twitter
General,0.0,neutro,twitter
General,0.1027,positivo,twitter
General,0.0,neutro,twitter
Empleo,0.4404,positivo,twitter
Automatizacion,0.4404,positivo,twitter
Futuro,0.4404,positivo,twitter
Empleo,0.4215,positivo,twitter
Automatizacion,0.4215,positivo,twitter
Empleo,0.4404,positivo,twitter
Automatizacion,0.4404,positivo,twitter
Futuro,0.4404,positivo,twitter
Automatizacion,0.6808,positivo,twitter
Automatizacion,0.5267,positivo,twitter
Automatizacion,0.0,neutro,twitter
Etica,0.0,neutro,twitter
Economia,-0.4019,negativo,twitter
Empleo,0.4215,positivo,twitter
Automatizacion,0.4215,positivo,twitter
Futuro,0.4215,positivo,twitter
Etica,0.4215,positivo,twitter
Automatizacion,-0.2263,negativo,twitter
Automatizacion,0.7579,positivo,twitter
General,0.0,neutro,twitter
Empleo,0.0,neutro,twitter
Automatizacion,0.0,neutro,twitter
Futuro,0.2732,positivo,twitter
Automatizacion,0.6808,positivo,twitter
Automatizacion,0.2732,positivo,twitter
Futuro,0.4404,positivo,twitter
Automatizacion,0.7906,positivo,twitter
Productividad,0.7906,positivo,twitter
Automatizacion,0.0,neutro,twitter
Automatizacion,0.0,neutro,twitter
General,0.0,neutro,twitter
Productividad,0.4767,positivo,twitter
Futuro,0.296,positivo,twitter
Empleo,0.0,neutro,twitter
Automatizacion,0.0,neutro,twitter
Automatizacion,0.2263,positivo,twitter
General,-0.0772,negativo,twitter
Automatizacion,-0.6369,negativo,twitter
Futuro,-0.6369,negativo,twitter
General,0.7579,positivo,twitter
Automatizacion,0.8271,positivo,twitter
General,0.0,neutro,twitter
Automatizacion,0.0,neutro,twitter
Futuro,0.0,neutro,twitter
Automatizacion,-0.4767,negativo,twitter
Empleo,0.3818,positivo,twitter
Futuro,0.3818,positivo,twitter
Automatizacion,0.0,neutro,twitter
Automatizacion,0.0,neutro,twitter
Automatizacion,0.4588,positivo,twitter
General,0.0,neutro,twitter
Empleo,0.0,neutro,twitter
Automatizacion,0.0,neutro,twitter
Automatizacion,0.0,neutro,twitter
Futuro,0.0,neutro,twitter
Automatizacion,0.0,neutro,twitter
General,0.0,neutro,twitter
Automatizacion,0.0,neutro,twitter
Futuro,0.0,neutro,twitter
Empleo,0.5256,positivo,twitter
Automatizacion,0.5256,positivo,twitter
Automatizacion,0.0,neutro,twitter
General,0.7003,positivo,twitter
Automatizacion,0.4019,positivo,twitter
Futuro,0.4019,positivo,twitter
Automatizacion,0.8173,positivo,twitter
Automatizacion,0.7269,positivo,twitter
Automatizacion,0.0772,positivo,twitter
Automatizacion,0.0,neutro,twitter
Automatizacion,0.9582,positivo,twitter
Futuro,0.9582,positivo,twitter
General,0.7003,positivo,twitter
Automatizacion,-0.7269,negativo,twitter
Automatizacion,0.0,neutro,twitter
General,0.0,neutro,twitter
Automatizacion,0.7506,positivo,twitter
General,0.0,neutro,twitter
Automatizacion,0.0,neutro,twitter
Etica,0.0,neutro,twitter
Empleo,0.4215,positivo,twitter
Automatizacion,0.4215,positivo,twitter
Automatizacion,0.4404,positivo,twitter
Automatizacion,0.3818,positivo,twitter
Automatizacion,0.0,neutro,twitter
Empleo,0.4019,positivo,twitter
Automatizacion,0.4019,positivo,twitter
Economia,0.4019,positivo,twitter
Automatizacion,0.0,neutro,twitter
Etica,0.0,neutro,twitter
Empleo,0.34,positivo,twitter
Automatizacion,0.34,positivo,twitter
Automatizacion,0.0,neutro,twitter
Empleo,0.2263,positivo,twitter
Automatizacion,0.2263,positivo,twitter
Empleo,0.775,positivo,twitter
Productividad,0.775,positivo,twitter
Empleo,0.0,neutro,twitter
Automatizacion,0.0,neutro,twitter
Futuro,0.0,neutro,twitter
Automatizacion,0.4404,positivo,twitter
General,0.0,neutro,twitter
Empleo,0.0,neutro,twitter
Automatizacion,0.0,neutro,twitter
General,0.0,neutro,twitter
Automatizacion,0.743,positivo,twitter
General,0.6597,positivo,twitter
Automatizacion,0.2732,positivo,twitter
Futuro,0.2732,positivo,twitter
Empleo,0.6124,positivo,twitter
Automatizacion,0.6124,positivo,twitter
General,0.1779,positivo,twitter
Empleo,0.3818,positivo,twitter
Automatizacion,0.3818,positivo,twitter
Futuro,0.3818,positivo,twitter
General,0.0,neutro,twitter
Futuro,0.7003,positivo,twitter
Futuro,0.7351,positivo,twitter
Economia,0.7351,positivo,twitter
General,0.3612,positivo,twitter
General,0.0,neutro,twitter
General,0.9796,positivo,twitter
General,0.3612,positivo,twitter
General,0.8481,positivo,twitter
Empleo,0.1513,positivo,twitter
Automatizacion,0.1513,positivo,twitter
General,-0.0258,neutro,twitter
Automatizacion,0.0,neutro,twitter
Economia,0.0,neutro,twitter
Automatizacion,0.0,neutro,twitter
Automatizacion,0.0,neutro,twitter
Automatizacion,0.0,neutro,twitter
Automatizacion,0.4588,positivo,twitter
Automatizacion,0.0,neutro,twitter
Futuro,0.0,neutro,twitter
Empleo,0.6369,positivo,twitter
Empleo,0.0,neutro,twitter
Automatizacion,0.0,neutro,twitter
Automatizacion,0.5719,positivo,twitter
General,0.0,neutro,twitter
General,0.0,neutro,twitter
General,0.4588,positivo,twitter
Empleo,0.8176,positivo,twitter
Automatizacion,0.8176,positivo,twitter
Automatizacion,0.4588,positivo,twitter
Automatizacion,0.0,neutro,twitter
Automatizacion,0.0,neutro,twitter
Futuro,0.0,neutro,twitter
Empleo,0.0,neutro,twitter
Automatizacion,0.0,neutro,twitter
Automatizacion,0.128,positivo,twitter
Etica,0.128,positivo,twitter
Automatizacion,0.4215,positivo,twitter
Futuro,0.0,neutro,twitter
Empleo,0.0,neutro,twitter
Automatizacion,0.0,neutro,twitter
Empleo,0.6597,positivo,twitter
Automatizacion,0.6597,positivo,twitter
General,-0.0516,negativo,twitter
Automatizacion,0.6597,positivo,twitter
Automatizacion,0.5423,positivo,twitter
Productividad,0.5423,positivo,twitter
Automatizacion,0.3071,positivo,twitter
General,0.7096,positivo,twitter
Empleo,0.0,neutro,twitter
General,0.0,neutro,twitter
Automatizacion,0.0,neutro,twitter
Futuro,0.0,neutro,twitter
Economia,0.2023,positivo,twitter
Automatizacion,-0.6124,negativo,twitter
Futuro,0.0,neutro,twitter
General,0.5859,positivo,twitter
Automatizacion,0.0,neutro,twitter
General,0.0,neutro,twitter
Automatizacion,0.6597,positivo,twitter
Automatizacion,0.0,neutro,twitter
Automatizacion,0.0,neutro,twitter
Futuro,0.0,neutro,twitter
Automatizacion,0.802,positivo,twitter
General,0.0,neutro,twitter
General,0.3818,positivo,twitter
Automatizacion,0.5106,positivo,twitter
General,-0.4588,negativo,twitter
Futuro,0.6705,positivo,twitter
Empleo,0.4215,positivo,twitter
Automatizacion,0.4215,positivo,twitter
Automatizacion,0.7579,positivo,twitter
General,0.0,neutro,twitter
General,0.9042,positivo,twitter
General,0.0,neutro,twitter
Empleo,0.8176,positivo,twitter
Automatizacion,0.8176,positivo,twitter
Automatizacion,0.7574,positivo,twitter
Empleo,0.0,neutro,twitter
Automatizacion,0.0,neutro,twitter
Futuro,0.0,neutro,twitter
Etica,0.0,neutro,twitter
Automatizacion,0.0,neutro,twitter
Empleo,0.7579,positivo,twitter
General,-0.4215,negativo,twitter
Empleo,0.4215,positivo,twitter
Automatizacion,0.4215,positivo,twitter
Automatizacion,0.6705,positivo,twitter
Etica,0.6705,positivo,twitter
General,0.4767,positivo,twitter
General,0.0,neutro,twitter
Futuro,0.3182,positivo,twitter
Etica,0.3182,positivo,twitter
Automatizacion,0.5719,positivo,twitter
Economia,0.5719,positivo,twitter
Automatizacion,0.4754,positivo,twitter
Futuro,0.4754,positivo,twitter
Empleo,0.25,positivo,twitter
Automatizacion,0.25,positivo,twitter
General,0.6486,positivo,twitter
General,-0.3612,negativo,twitter
Empleo,-0.0258,neutro,twitter
Automatizacion,-0.0258,neutro,twitter
Economia,-0.0258,neutro,twitter
Automatizacion,0.743,positivo,twitter
Futuro,0.743,positivo,twitter
Economia,0.743,positivo,twitter
General,0.6808,positivo,twitter
General,0.0,neutro,twitter
Empleo,0.6486,positivo,twitter
Futuro,0.0,neutro,twitter
Empleo,0.0,neutro,twitter
Automatizacion,0.0,neutro,twitter
Automatizacion,0.6597,positivo,twitter
Automatizacion,0.6808,positivo,twitter
Automatizacion,0.0,neutro,twitter
Futuro,0.0,neutro,twitter
General,0.1779,positivo,twitter
Empleo,0.7506,positivo,twitter
Productividad,0.7506,positivo,twitter
Automatizacion,0.4767,positivo,twitter
Economia,0.4767,positivo,twitter
Empleo,0.0,neutro,twitter
Automatizacion,0.0,neutro,twitter
General,0.4588,positivo,twitter
Automatizacion,0.4019,positivo,twitter
Futuro,0.4767,positivo,twitter
Automatizacion,0.4588,positivo,twitter
Automatizacion,0.0,neutro,twitter
Futuro,0.0,neutro,twitter
General,0.2732,positivo,twitter
Automatizacion,0.4588,positivo,twitter
Automatizacion,0.4767,positivo,twitter
Etica,0.4767,positivo,twitter
Empleo,0.0,neutro,twitter
Automatizacion,0.0,neutro,twitter
Automatizacion,0.0,neutro,twitter
Etica,0.0,neutro,twitter
Empleo,0.0,neutro,twitter
Futuro,0.0,neutro,twitter
General,0.2023,positivo,twitter
Empleo,0.6597,positivo,twitter
Automatizacion,0.6597,positivo,twitter
Automatizacion,0.4019,positivo,twitter
Automatizacion,-0.3612,negativo,twitter
Automatizacion,0.0,neutro,twitter
Automatizacion,0.0,neutro,twitter
Automatizacion,0.2023,positivo,twitter
Futuro,0.2023,positivo,twitter
General,0.0,neutro,twitter
General,0.8834,positivo,twitter
Automatizacion,0.7684,positivo,twitter
Automatizacion,0.6369,positivo,twitter
Automatizacion,-0.4019,negativo,twitter
Automatizacion,0.0,neutro,twitter
Automatizacion,0.3818,positivo,twitter
Automatizacion,0.0258,neutro,twitter
Futuro,0.765,positivo,twitter
Automatizacion,0.3818,positivo,twitter
Futuro,0.3818,positivo,twitter
Empleo,0.6597,positivo,twitter
Automatizacion,0.6597,positivo,twitter
General,0.796,positivo,twitter
Automatizacion,0.25,positivo,twitter
Automatizacion,0.3818,positivo,twitter
Futuro,0.3818,positivo,twitter
General,0.0,neutro,twitter
Empleo,0.5106,positivo,twitter
Automatizacion,0.5106,positivo,twitter
Automatizacion,0.5106,positivo,twitter
Automatizacion,0.5719,positivo,twitter
Automatizacion,0.0,neutro,twitter
Automatizacion,0.0,neutro,twitter
Futuro,0.0,neutro,twitter
Empleo,0.6597,positivo,twitter
Automatizacion,0.6597,positivo,twitter
General,0.4767,positivo,twitter
Automatizacion,0.0,neutro,twitter
Automatizacion,0.4404,positivo,twitter
Empleo,0.4215,positivo,twitter
Automatizacion,0.4215,positivo,twitter
Empleo,0.4404,positivo,twitter
Automatizacion,0.4404,positivo,twitter
General,-0.5469,negativo,twitter
Productividad,0.0772,positivo,twitter
Automatizacion,0.3818,positivo,twitter
General,0.4588,positivo,twitter
Automatizacion,0.7783,positivo,twitter
Automatizacion,0.5574,positivo,twitter
Futuro,0.5574,positivo,twitter
Automatizacion,0.0,neutro,twitter
Empleo,0.4767,positivo,twitter
Automatizacion,0.4767,positivo,twitter
Automatizacion,0.0772,positivo,twitter
Etica,0.0,neutro,twitter
General,0.6369,positivo,twitter
Automatizacion,-0.4939,negativo,twitter
Automatizacion,0.4019,positivo,twitter
Automatizacion,0.4215,positivo,twitter
Empleo,0.4588,positivo,twitter
Automatizacion,0.4588,positivo,twitter
Automatizacion,0.0,neutro,twitter
Economia,0.0,neutro,twitter
Automatizacion,-0.296,negativo,twitter
Futuro,-0.296,negativo,twitter
Automatizacion,0.0,neutro,twitter
Futuro,0.0,neutro,twitter
Automatizacion,0.0,neutro,twitter
Automatizacion,-0.0772,negativo,twitter
Automatizacion,0.6369,positivo,twitter
Automatizacion,0.0,neutro,twitter
Etica,0.0,neutro,twitter
General,0.0772,positivo,twitter
General,0.7096,positivo,twitter
General,0.3612,positivo,twitter
General,0.0,neutro,twitter
Automatizacion,0.0,neutro,twitter
General,0.7168,positivo,twitter
Automatizacion,-0.4404,negativo,twitter
Futuro,-0.4404,negativo,twitter
Automatizacion,0.7258,positivo,twitter
Automatizacion,0.5859,positivo,twitter
Automatizacion,0.0,neutro,twitter
Futuro,0.0,neutro,twitter
Empleo,0.6486,positivo,twitter
General,0.5423,positivo,twitter
Automatizacion,0.6597,positivo,twitter
Empleo,0.4019,positivo,twitter
General,0.0,neutro,twitter
General,0.0,neutro,twitter
Empleo,0.6369,positivo,twitter
General,0.0,neutro,twitter
Automatizacion,-0.7269,negativo,twitter
Futuro,-0.7269,negativo,twitter
Automatizacion,0.0,neutro,twitter
Automatizacion,0.3182,positivo,twitter
General,0.0,neutro,twitter
General,0.3612,positivo,twitter
Empleo,0.0,neutro,twitter
Automatizacion,0.0,neutro,twitter
Futuro,0.0,neutro,twitter
Etica,0.0,neutro,twitter
Automatizacion,0.3875,positivo,twitter
Futuro,0.3875,positivo,twitter
Automatizacion,0.0,neutro,twitter
General,0.8807,positivo,twitter
Automatizacion,0.0,neutro,twitter
Automatizacion,0.3818,positivo,twitter
General,0.8126,positivo,twitter
General,0.0772,positivo,twitter
Empleo,0.5994,positivo,twitter
Automatizacion,0.5994,positivo,twitter
General,-0.3182,negativo,twitter
General,0.6597,positivo,twitter
General,0.0,neutro,twitter
Economia,0.8411,positivo,twitter
Automatizacion,0.0,neutro,twitter
Etica,0.0,neutro,twitter
General,-0.3612,negativo,twitter
Automatizacion,0.9393,positivo,twitter
Etica,0.9393,positivo,twitter
Automatizacion,0.4767,positivo,twitter
Automatizacion,0.6369,positivo,twitter
Automatizacion,0.0,neutro,twitter
Economia,-0.4019,negativo,twitter
Automatizacion,0.0,neutro,twitter
Automatizacion,0.0,neutro,twitter
Futuro,0.0,neutro,twitter
Productividad,0.6124,positivo,twitter
Economia,0.6124,positivo,twitter
Automatizacion,0.0,neutro,twitter
Futuro,0.0,neutro,twitter
General,0.6486,positivo,twitter
General,0.0,neutro,twitter
Automatizacion,0.0,neutro,twitter
Futuro,0.0,neutro,twitter
General,0.0,neutro,twitter
General,0.4215,positivo,twitter
Etica,0.0,neutro,twitter
Automatizacion,-0.1531,negativo,twitter
Futuro,-0.1531,negativo,twitter
General,0.0,neutro,twitter
General,0.0,neutro,twitter
Economia,0.7096,positivo,twitter
General,0.4215,positivo,twitter
General,0.0,neutro,twitter
Empleo,0.7783,positivo,twitter
Futuro,0.7783,positivo,twitter
Automatizacion,-0.3182,negativo,twitter
Futuro,-0.3182,negativo,twitter
Automatizacion,0.0,neutro,twitter
Futuro,0.0,neutro,twitter
General,0.4404,positivo,twitter
Empleo,0.0,neutro,twitter
Automatizacion,0.0,neutro,twitter
Empleo,0.0,neutro,twitter
Automatizacion,0.0,neutro,twitter
Automatizacion,0.0,neutro,twitter
Futuro,0.0,neutro,twitter
Empleo,0.296,positivo,twitter
Economia,0.296,positivo,twitter
Automatizacion,-0.3724,negativo,twitter
Etica,-0.3724,negativo,twitter
General,0.0,neutro,twitter
Automatizacion,0.0,neutro,twitter
Automatizacion,0.0,neutro,twitter
Automatizacion,0.4939,positivo,twitter
Empleo,0.0,neutro,twitter
Automatizacion,0.0,neutro,twitter
Futuro,0.0,neutro,twitter
Empleo,0.4019,positivo,twitter
Automatizacion,0.25,positivo,twitter
Automatizacion,0.0,neutro,twitter
General,0.0,neutro,twitter
Automatizacion,0.0,neutro,twitter
Automatizacion,-0.3182,negativo,twitter
Futuro,0.6786,positivo,twitter
General,0.0,neutro,twitter
General,0.5106,positivo,twitter
General,0.0,neutro,twitter
Automatizacion,0.6597,positivo,twitter
Productividad,0.6597,positivo,twitter
Economia,0.6597,positivo,twitter
Automatizacion,0.6705,positivo,twitter
Etica,0.6705,positivo,twitter
Empleo,0.0,neutro,twitter
Automatizacion,0.0,neutro,twitter
Empleo,0.5719,positivo,twitter
Automatizacion,0.5719,positivo,twitter
Automatizacion,0.0,neutro,twitter
Automatizacion,0.0,neutro,twitter
General,0.0,neutro,twitter
General,0.2023,positivo,twitter
Empleo,0.3818,positivo,twitter
Automatizacion,0.3818,positivo,twitter
Automatizacion,0.0,neutro,twitter
Futuro,0.0,neutro,twitter
Automatizacion,0.4404,positivo,twitter
Automatizacion,0.5267,positivo,twitter
Empleo,0.0,neutro,twitter
General,0.0,neutro,twitter
Empleo,-0.34,negativo,twitter
Automatizacion,-0.34,negativo,twitter
Empleo,-0.1027,negativo,twitter
Automatizacion,-0.1027,negativo,twitter
Productividad,-0.1027,negativo,twitter
Automatizacion,0.7096,positivo,twitter
Automatizacion,0.6908,positivo,twitter
Futuro,0.6908,positivo,twitter
Empleo,0.4404,positivo,twitter
Automatizacion,0.4404,positivo,twitter
Automatizacion,0.0,neutro,twitter
Automatizacion,0.886,positivo,twitter
General,0.0,neutro,twitter
Automatizacion,0.6361,positivo,twitter
Empleo,0.0,neutro,twitter
Automatizacion,0.0,neutro,twitter
Automatizacion,0.0,neutro,twitter
Automatizacion,-0.3252,negativo,twitter
Economia,-0.3252,negativo,twitter
Automatizacion,0.1139,positivo,twitter
Empleo,0.0258,neutro,twitter
Automatizacion,0.4588,positivo,twitter
General,0.0,neutro,twitter
Automatizacion,0.4215,positivo,twitter
Automatizacion,0.6666,positivo,twitter
General,0.2023,positivo,twitter
Automatizacion,-0.0516,negativo,twitter
Futuro,-0.0516,negativo,twitter
Automatizacion,0.0,neutro,twitter
Automatizacion,0.0,neutro,twitter
Automatizacion,0.6369,positivo,twitter
Productividad,0.6369,positivo,twitter
Automatizacion,0.0,neutro,twitter
Automatizacion,0.0,neutro,twitter
Futuro,0.0,neutro,twitter
General,0.0,neutro,twitter
Automatizacion,0.5719,positivo,twitter
Empleo,0.4404,positivo,twitter
Automatizacion,0.4404,positivo,twitter
Futuro,0.4404,positivo,twitter
Automatizacion,0.296,positivo,twitter
General,0.2732,positivo,twitter
Empleo,0.3612,positivo,twitter
Automatizacion,0.0,neutro,twitter
Futuro,0.0,neutro,twitter
Automatizacion,0.0,neutro,twitter
Futuro,0.0,neutro,twitter
General,0.4852,positivo,twitter
General,0.4767,positivo,twitter
Automatizacion,-0.5423,negativo,twitter
Futuro,-0.5423,negativo,twitter
General,0.4215,positivo,twitter
Empleo,0.0,neutro,twitter
Automatizacion,0.0,neutro,twitter
Economia,0.0,neutro,twitter
Empleo,0.0,neutro,twitter
General,0.1531,positivo,twitter
Empleo,0.0,neutro,twitter
Automatizacion,0.0,neutro,twitter
Automatizacion,-0.6597,negativo,twitter
General,0.0,neutro,twitter
Empleo,0.0,neutro,twitter
Automatizacion,0.0,neutro,twitter
Automatizacion,0.2732,positivo,twitter
Automatizacion,0.3612,positivo,twitter
Etica,0.3612,positivo,twitter
Empleo,0.6486,positivo,twitter
Automatizacion,0.6486,positivo,twitter
General,-0.3182,negativo,twitter
General,0.0,neutro,twitter
General,0.0,neutro,twitter
Automatizacion,0.6261,positivo,twitter
Productividad,0.6261,positivo,twitter
Automatizacion,0.4767,positivo,twitter
Automatizacion,-0.4404,negativo,twitter
General,-0.25,negativo,twitter
Automatizacion,0.3612,positivo,twitter
General,0.0,neutro,twitter
Automatizacion,0.6486,positivo,twitter
Empleo,0.0,neutro,twitter
Automatizacion,0.0,neutro,twitter
Futuro,0.0,neutro,twitter
Etica,0.0,neutro,twitter
Automatizacion,0.0,neutro,twitter
General,0.0,neutro,twitter
Empleo,0.0,neutro,twitter
Automatizacion,0.0,neutro,twitter
Automatizacion,-0.4576,negativo,twitter
Automatizacion,0.5267,positivo,twitter
General,0.0,neutro,twitter
General,0.9116,positivo,twitter
Automatizacion,0.0,neutro,twitter
General,0.5106,positivo,twitter
Automatizacion,0.5994,positivo,twitter
Economia,0.5994,positivo,twitter
General,0.4019,positivo,twitter
Automatizacion,0.0,neutro,twitter
Futuro,0.0,neutro,twitter
Automatizacion,-0.4215,negativo,twitter
Futuro,-0.4215,negativo,twitter
Empleo,0.0,neutro,twitter
Automatizacion,0.0,neutro,twitter
Empleo,0.0,neutro,twitter
Automatizacion,0.0,neutro,twitter
General,0.0,neutro,twitter
General,0.4019,positivo,twitter
Automatizacion,0.7003,positivo,twitter
Empleo,-0.296,negativo,twitter
Automatizacion,-0.296,negativo,twitter
General,0.7205,positivo,twitter
General,0.0,neutro,twitter
Automatizacion,0.0,neutro,twitter
Empleo,0.0,neutro,twitter
Automatizacion,0.0,neutro,twitter
Futuro,0.0,neutro,twitter
Etica,0.0,neutro,twitter
General,0.0,neutro,twitter
General,0.5574,positivo,twitter
Automatizacion,0.3182,positivo,twitter
Empleo,0.4215,positivo,twitter
Automatizacion,0.4215,positivo,twitter
General,0.4019,positivo,twitter
Automatizacion,0.0,neutro,twitter
Automatizacion,0.0,neutro,twitter
Futuro,0.0,neutro,twitter
General,0.4019,positivo,twitter
Automatizacion,0.0,neutro,twitter
Futuro,0.0,neutro,twitter
General,0.8176,positivo,twitter
Automatizacion,0.0,neutro,twitter
Automatizacion,0.6369,positivo,twitter
Automatizacion,0.0,neutro,twitter
General,0.0,neutro,twitter
General,0.2023,positivo,twitter
Automatizacion,0.296,positivo,twitter
Etica,0.8176,positivo,twitter
Automatizacion,0.0,neutro,twitter
Empleo,0.4215,positivo,twitter
Automatizacion,0.4215,positivo,twitter
Empleo,0.0,neutro,twitter
Automatizacion,0.0,neutro,twitter
General,0.0,neutro,twitter
General,0.0,neutro,twitter
General,0.0,neutro,twitter
Automatizacion,0.34,positivo,twitter
Automatizacion,0.0,neutro,twitter
Futuro,0.0,neutro,twitter
Etica,0.5859,positivo,twitter
Futuro,0.7906,positivo,twitter
Economia,0.7906,positivo,twitter
Automatizacion,0.25,positivo,twitter
General,0.0,neutro,twitter
Automatizacion,0.2023,positivo,twitter
Automatizacion,-0.0516,negativo,twitter
Empleo,0.4404,positivo,twitter
Automatizacion,0.4404,positivo,twitter
General,0.4215,positivo,twitter
Etica,0.0,neutro,twitter
General,0.5267,positivo,twitter
Futuro,0.0,neutro,twitter
General,0.0,neutro,twitter
General,0.0,neutro,twitter
General,0.0,neutro,twitter
Automatizacion,0.0,neutro,twitter
Empleo,0.0,neutro,twitter
Automatizacion,0.0,neutro,twitter
General,0.0,neutro,twitter
Automatizacion,0.0,neutro,twitter
Automatizacion,0.0,neutro,twitter
Futuro,0.0,neutro,twitter
Automatizacion,0.3182,positivo,twitter
General,0.7783,positivo,twitter
General,0.7351,positivo,twitter
Automatizacion,0.0516,positivo,twitter
Automatizacion,0.8481,positivo,twitter
Productividad,0.8481,positivo,twitter
Economia,0.8481,positivo,twitter
General,0.1779,positivo,twitter
General,0.3818,positivo,twitter
General,0.0,neutro,twitter
Automatizacion,0.0,neutro,twitter
Futuro,0.7096,positivo,twitter
Automatizacion,0.3818,positivo,twitter
Futuro,0.3818,positivo,twitter
Etica,0.4939,positivo,twitter
General,0.3818,positivo,twitter
Economia,0.0,neutro,twitter
Automatizacion,0.0,neutro,twitter
Empleo,0.128,positivo,twitter
Automatizacion,0.128,positivo,twitter
Automatizacion,0.0,neutro,twitter
General,0.4215,positivo,twitter
General,0.0,neutro,twitter
Automatizacion,-0.0772,negativo,twitter
Automatizacion,0.3818,positivo,twitter
Automatizacion,0.0,neutro,twitter
Automatizacion,0.2263,positivo,twitter
Productividad,0.2263,positivo,twitter
Automatizacion,0.8151,positivo,twitter
Automatizacion,0.0,neutro,twitter
Empleo,0.0,neutro,twitter
Automatizacion,0.0,neutro,twitter
Automatizacion,0.7096,positivo,twitter
General,0.4404,positivo,twitter
Automatizacion,0.7003,positivo,twitter
Empleo,0.0,neutro,twitter
General,0.2263,positivo,twitter
Empleo,0.0,neutro,twitter
Automatizacion,0.0,neutro,twitter
General,0.5719,positivo,twitter
Empleo,0.0,neutro,twitter
Automatizacion,0.0,neutro,twitter
Automatizacion,0.0,neutro,twitter
Futuro,0.0,neutro,twitter
Automatizacion,0.6597,positivo,twitter
Automatizacion,-0.6124,negativo,twitter
Empleo,-0.1263,negativo,twitter
Automatizacion,-0.1263,negativo,twitter
General,0.1531,positivo,twitter
Automatizacion,0.6486,positivo,twitter
Futuro,0.6486,positivo,twitter
Automatizacion,0.2732,positivo,twitter
Automatizacion,0.6486,positivo,twitter
General,-0.34,negativo,twitter
Empleo,0.4767,positivo,twitter
Automatizacion,0.4767,positivo,twitter
Futuro,0.4767,positivo,twitter
Etica,0.4767,positivo,twitter
General,0.0,neutro,twitter
Automatizacion,0.0258,neutro,twitter
Automatizacion,-0.4767,negativo,twitter
Futuro,-0.4767,negativo,twitter
Automatizacion,0.0,neutro,twitter
Futuro,-0.128,negativo,twitter
Automatizacion,0.2023,positivo,twitter
General,0.0,neutro,twitter
Empleo,0.4215,positivo,twitter
Automatizacion,0.4215,positivo,twitter
General,0.0,neutro,twitter
General,0.0,neutro,twitter
Empleo,0.4404,positivo,twitter
Automatizacion,0.4404,positivo,twitter
General,0.0,neutro,twitter
Empleo,0.4215,positivo,twitter
Automatizacion,0.4215,positivo,twitter
Etica,0.4215,positivo,twitter
General,-0.4767,negativo,twitter
General,0.0,neutro,twitter
Automatizacion,-0.4023,negativo,twitter
Futuro,-0.4023,negativo,twitter
Economia,-0.4023,negativo,twitter
Automatizacion,0.0,neutro,twitter
Futuro,0.0,neutro,twitter
Automatizacion,0.3818,positivo,twitter
General,0.4404,positivo,twitter
Empleo,0.1779,positivo,twitter
Automatizacion,0.1779,positivo,twitter
General,0.0,neutro,twitter
General,0.0,neutro,twitter
Automatizacion,0.8689,positivo,twitter
Automatizacion,0.25,positivo,twitter
General,0.7269,positivo,twitter
Automatizacion,0.5367,positivo,twitter
General,0.1779,positivo,twitter
General,0.4404,positivo,twitter
Automatizacion,-0.4588,negativo,twitter
Automatizacion,0.4404,positivo,twitter
Automatizacion,0.4939,positivo,twitter
General,0.0,neutro,twitter
Automatizacion,0.0,neutro,twitter
Automatizacion,0.0,neutro,twitter
Economia,0.0,neutro,twitter
Automatizacion,0.0,neutro,twitter
Automatizacion,0.5106,positivo,twitter
Futuro,0.4767,positivo,twitter
Futuro,0.8176,positivo,twitter
Economia,0.8176,positivo,twitter
General,0.0,neutro,twitter
Automatizacion,-0.296,negativo,twitter
Automatizacion,0.5859,positivo,twitter
Futuro,0.0,neutro,twitter
Empleo,0.0,neutro,twitter
Automatizacion,0.0,neutro,twitter
Empleo,0.0,neutro,twitter
Automatizacion,0.0,neutro,twitter
General,0.7841,positivo,twitter
General,0.4215,positivo,twitter
Automatizacion,0.6369,positivo,twitter
General,0.0772,positivo,twitter
Empleo,0.3976,positivo,twitter
Automatizacion,0.0,neutro,twitter
General,0.4019,positivo,twitter
General,0.0,neutro,twitter
General,-0.1531,negativo,twitter
Automatizacion,-0.6486,negativo,twitter
General,0.0,neutro,twitter
Economia,0.7351,positivo,twitter
Automatizacion,0.0,neutro,twitter
Automatizacion,0.2023,positivo,twitter
General,0.0,neutro,twitter
Automatizacion,-0.5574,negativo,twitter
Automatizacion,0.4588,positivo,twitter
General,0.0,neutro,twitter
Automatizacion,0.6705,positivo,twitter
General,0.4215,positivo,twitter
Automatizacion,0.0,neutro,twitter
General,0.4215,positivo,twitter
Productividad,0.0,neutro,twitter
Automatizacion,-0.4588,negativo,twitter
Productividad,0.0,neutro,twitter
Automatizacion,0.4939,positivo,twitter
Empleo,0.0,neutro,twitter
Automatizacion,0.0,neutro,twitter
Futuro,0.0,neutro,twitter
Automatizacion,0.5859,positivo,twitter
Futuro,0.5859,positivo,twitter
Productividad,0.5859,positivo,twitter
General,-0.3612,negativo,twitter
General,0.0,neutro,twitter
Automatizacion,0.0,neutro,twitter
General,0.4767,positivo,twitter
Futuro,0.34,positivo,twitter
Automatizacion,-0.25,negativo,twitter
Automatizacion,-0.4019,negativo,twitter
Futuro,-0.4019,negativo,twitter
Automatizacion,0.0,neutro,twitter
Futuro,0.0,neutro,twitter
General,0.0,neutro,twitter
General,0.0,neutro,twitter
Automatizacion,0.0,neutro,twitter
Automatizacion,0.8519,positivo,twitter
Automatizacion,0.4767,positivo,twitter
Automatizacion,0.0,neutro,twitter
Automatizacion,0.0,neutro,twitter
Empleo,0.0,neutro,twitter
Automatizacion,0.0,neutro,twitter
Empleo,0.0,neutro,twitter
Automatizacion,0.0,neutro,twitter
Futuro,0.0,neutro,twitter
Etica,0.0,neutro,twitter
Automatizacion,0.0,neutro,twitter
General,0.0,neutro,twitter
Automatizacion,0.6486,positivo,twitter
Automatizacion,0.0,neutro,twitter
Futuro,0.0,neutro,twitter
Empleo,0.4215,positivo,twitter
Automatizacion,0.4215,positivo,twitter
Automatizacion,0.0,neutro,twitter
Futuro,0.0,neutro,twitter
Automatizacion,0.6369,positivo,twitter
Automatizacion,0.0,neutro,twitter
Futuro,0.0,neutro,twitter
Automatizacion,0.4588,positivo,twitter
Empleo,0.7269,positivo,twitter
Automatizacion,0.7269,positivo,twitter
Etica,0.7269,positivo,twitter
Empleo,-0.1531,negativo,twitter
Automatizacion,-0.1531,negativo,twitter
Empleo,0.0,neutro,twitter
Economia,0.0,neutro,twitter
Automatizacion,0.2023,positivo,twitter
Empleo,0.0,neutro,twitter
Automatizacion,0.0,neutro,twitter
Futuro,0.0,neutro,twitter
Etica,0.0,neutro,twitter
General,0.6124,positivo,twitter
Automatizacion,-0.3182,negativo,twitter
Automatizacion,0.5267,positivo,twitter
Futuro,0.5267,positivo,twitter
General,0.0,neutro,twitter
Automatizacion,0.5994,positivo,twitter
Empleo,0.0,neutro,twitter
Automatizacion,0.0,neutro,twitter
Futuro,0.0,neutro,twitter
Etica,0.0,neutro,twitter
Productividad,0.7096,positivo,twitter
Automatizacion,0.4767,positivo,twitter
General,0.25,positivo,twitter
Automatizacion,-0.296,negativo,twitter
Empleo,0.0,neutro,twitter
Automatizacion,0.0,neutro,twitter
Economia,0.0,neutro,twitter
Automatizacion,0.25,positivo,twitter
Automatizacion,0.0,neutro,twitter
Economia,0.0,neutro,twitter
Automatizacion,0.0,neutro,twitter
Futuro,0.0,neutro,twitter
Automatizacion,0.4588,positivo,twitter
Futuro,0.5859,positivo,twitter
Economia,0.5859,positivo,twitter
Automatizacion,0.1139,positivo,twitter
Automatizacion,0.4767,positivo,twitter
Empleo,0.4215,positivo,twitter
Automatizacion,0.4215,positivo,twitter
Automatizacion,0.0,neutro,twitter
Economia,0.0,neutro,twitter
Automatizacion,0.0,neutro,twitter
Economia,0.0,neutro,twitter
Empleo,0.4215,positivo,twitter
Automatizacion,0.4215,positivo,twitter
Automatizacion,0.0,neutro,twitter
Automatizacion,0.0,neutro,twitter
Futuro,0.0,neutro,twitter
Empleo,0.4767,positivo,twitter
Automatizacion,0.0,neutro,twitter
Empleo,0.4215,positivo,twitter
General,0.5106,positivo,twitter
General,0.0,neutro,twitter
Automatizacion,0.0,neutro,twitter
Futuro,0.0,neutro,twitter
Automatizacion,0.0,neutro,twitter
Futuro,0.0,neutro,twitter
Automatizacion,0.5106,positivo,twitter
Empleo,0.4391,positivo,twitter
Automatizacion,0.4391,positivo,twitter
Empleo,0.0,neutro,twitter
Automatizacion,0.0,neutro,twitter
Futuro,0.0,neutro,twitter
Automatizacion,0.0,neutro,twitter
Automatizacion,0.0,neutro,twitter
General,0.0,neutro,twitter
Futuro,0.3818,positivo,twitter
Futuro,0.4767,positivo,twitter
General,0.0,neutro,twitter
General,0.1901,positivo,twitter
Automatizacion,0.6908,positivo,twitter
Empleo,0.34,positivo,twitter
Automatizacion,0.34,positivo,twitter
Etica,0.34,positivo,twitter
Automatizacion,0.6184,positivo,twitter
Futuro,0.6184,positivo,twitter
General,0.0,neutro,twitter
Automatizacion,0.0,neutro,twitter
Automatizacion,0.0,neutro,twitter
Empleo,0.0,neutro,twitter
Automatizacion,0.0,neutro,twitter
Automatizacion,0.507,positivo,twitter
Automatizacion,0.0,neutro,twitter
Automatizacion,0.4215,positivo,twitter
Futuro,0.4215,positivo,twitter
Automatizacion,0.3182,positivo,twitter
Etica,0.3182,positivo,twitter
Empleo,0.3818,positivo,twitter
Automatizacion,0.0,neutro,twitter
General,0.0,neutro,twitter
Automatizacion,0.0,neutro,twitter
Automatizacion,0.0,neutro,twitter
Automatizacion,0.0,neutro,twitter
Futuro,0.0,neutro,twitter
Automatizacion,0.0,neutro,twitter
Economia,0.3818,positivo,twitter
Productividad,0.4588,positivo,twitter
Empleo,0.4404,positivo,twitter
Automatizacion,0.4404,positivo,twitter
Automatizacion,-0.3875,negativo,twitter
General,0.7351,positivo,twitter
Empleo,0.0,neutro,twitter
Automatizacion,0.0,neutro,twitter
Empleo,0.34,positivo,twitter
Automatizacion,0.0,neutro,twitter
Automatizacion,0.3818,positivo,twitter
General,0.5423,positivo,twitter
Automatizacion,0.2023,positivo,twitter
Automatizacion,0.0,neutro,twitter
Futuro,0.0,neutro,twitter
Empleo,0.0,neutro,twitter
Automatizacion,0.0,neutro,twitter
General,0.0,neutro,twitter
General,0.0,neutro,twitter
Futuro,0.5719,positivo,twitter
Productividad,0.6249,positivo,twitter
Automatizacion,0.5719,positivo,twitter
Futuro,0.5719,positivo,twitter
Productividad,0.5719,positivo,twitter
Automatizacion,0.8481,positivo,twitter
Etica,0.8481,positivo,twitter
General,0.0,neutro,twitter
Automatizacion,0.0,neutro,twitter
Empleo,0.0,neutro,twitter
Futuro,0.0,neutro,twitter
General,0.0,neutro,twitter
Empleo,0.0,neutro,twitter
Automatizacion,0.0,neutro,twitter
Futuro,0.0,neutro,twitter
Etica,0.0,neutro,twitter
Automatizacion,0.0,neutro,twitter
General,0.4404,positivo,twitter
General,0.0,neutro,twitter
Empleo,0.0,neutro,twitter
Automatizacion,0.0,neutro,twitter
Futuro,0.0,neutro,twitter
Etica,0.0,neutro,twitter
Automatizacion,0.0,neutro,twitter
Futuro,0.0,neutro,twitter
Automatizacion,0.0,neutro,twitter
Etica,-0.0,neutro,twitter
Empleo,0.4215,positivo,twitter
Automatizacion,0.4215,positivo,twitter
General,0.0,neutro,twitter
General,0.5256,positivo,twitter
Automatizacion,0.1779,positivo,twitter
General,0.0,neutro,twitter
Automatizacion,0.7506,positivo,twitter
Automatizacion,0.5106,positivo,twitter
Automatizacion,0.0,neutro,twitter
Automatizacion,0.0,neutro,twitter
Futuro,0.0,neutro,twitter
Automatizacion,0.5719,positivo,twitter
General,0.139,positivo,twitter
General,-0.4588,negativo,twitter
General,0.6597,positivo,twitter
Automatizacion,0.4767,positivo,twitter
Automatizacion,0.0,neutro,twitter
General,0.0,neutro,twitter
Automatizacion,0.34,positivo,twitter
Automatizacion,0.1779,positivo,twitter
Futuro,0.4939,positivo,twitter
Automatizacion,0.6597,positivo,twitter
Economia,0.0772,positivo,twitter
General,0.8074,positivo,twitter
Automatizacion,0.4404,positivo,twitter
Futuro,0.4404,positivo,twitter
Automatizacion,0.2023,positivo,twitter
Automatizacion,0.4588,positivo,twitter
Futuro,0.4588,positivo,twitter
Automatizacion,0.0,neutro,twitter
Automatizacion,0.5267,positivo,twitter
General,0.0,neutro,twitter
General,0.5106,positivo,twitter
Automatizacion,-0.6486,negativo,twitter
General,0.0,neutro,twitter
Automatizacion,0.6369,positivo,twitter
General,0.0,neutro,twitter
Productividad,0.7684,positivo,twitter
Automatizacion,0.6597,positivo,twitter
Empleo,0.0,neutro,twitter
Automatizacion,0.0,neutro,twitter
Automatizacion,0.0,neutro,twitter
Futuro,0.0,neutro,twitter
Automatizacion,0.0,neutro,twitter
Automatizacion,0.6249,positivo,twitter
General,0.7003,positivo,twitter
General,0.3818,positivo,twitter
General,0.1027,positivo,twitter
Automatizacion,0.4939,positivo,twitter
Automatizacion,0.0,neutro,twitter
Futuro,0.0,neutro,twitter
General,0.0,neutro,twitter
Automatizacion,0.0,neutro,twitter
Automatizacion,0.0,neutro,twitter
Futuro,0.0,neutro,twitter
Empleo,0.4588,positivo,twitter
Automatizacion,0.4588,positivo,twitter
General,0.2263,positivo,twitter
General,0.836,positivo,twitter
Empleo,0.4215,positivo,twitter
Automatizacion,0.4215,positivo,twitter
Automatizacion,0.6369,positivo,twitter
Futuro,0.4767,positivo,twitter
Automatizacion,0.4767,positivo,twitter
Automatizacion,0.0,neutro,twitter
Automatizacion,0.0258,neutro,twitter
Futuro,0.0258,neutro,twitter
General,0.765,positivo,twitter
Automatizacion,0.2023,positivo,twitter
Futuro,0.2023,positivo,twitter
Empleo,0.0,neutro,twitter
Automatizacion,0.0,neutro,twitter
Automatizacion,0.25,positivo,twitter
Automatizacion,0.0,neutro,twitter
Automatizacion,0.7964,positivo,twitter
Futuro,0.7964,positivo,twitter
Futuro,0.0,neutro,twitter
Automatizacion,0.2023,positivo,twitter
Automatizacion,0.4588,positivo,twitter
General,0.0,neutro,twitter
Automatizacion,0.4754,positivo,twitter
Futuro,0.4754,positivo,twitter
Automatizacion,0.7096,positivo,twitter
Automatizacion,0.5719,positivo,twitter
Automatizacion,0.0,neutro,twitter
Productividad,0.0,neutro,twitter
Empleo,0.7774,positivo,twitter
Automatizacion,0.0,neutro,twitter
Economia,0.0,neutro,twitter
Automatizacion,0.296,positivo,twitter
General,0.0,neutro,twitter
Automatizacion,-0.4019,negativo,twitter
Futuro,0.0,neutro,twitter
General,0.2129,positivo,twitter
Empleo,0.0,neutro,twitter
Automatizacion,0.0,neutro,twitter
Futuro,0.0,neutro,twitter
Automatizacion,0.3818,positivo,twitter
Etica,0.3818,positivo,twitter
Empleo,0.8834,positivo,twitter
Futuro,0.8834,positivo,twitter
Automatizacion,0.5267,positivo,twitter
Automatizacion,0.0,neutro,twitter
General,0.3182,positivo,twitter
Automatizacion,0.0,neutro,twitter
Futuro,0.0,neutro,twitter
Empleo,0.6369,positivo,twitter
Automatizacion,0.6369,positivo,twitter
Futuro,0.6369,positivo,twitter
Etica,0.6369,positivo,twitter
General,-0.4215,negativo,twitter
Automatizacion,0.0,neutro,twitter
Futuro,0.0,neutro,twitter
Automatizacion,0.4404,positivo,twitter
Automatizacion,0.0,neutro,twitter
Automatizacion,0.7387,positivo,twitter
Economia,0.0,neutro,twitter
General,0.0,neutro,twitter
General,0.6369,positivo,twitter
General,0.3182,positivo,twitter
Futuro,0.7003,positivo,twitter
Automatizacion,0.0,neutro,twitter
Empleo,0.4215,positivo,twitter
Automatizacion,0.4215,positivo,twitter
Automatizacion,0.4019,positivo,twitter
Etica,0.4019,positivo,twitter
Automatizacion,0.7184,positivo,twitter
General,0.0,neutro,twitter
General,0.5859,positivo,twitter
Automatizacion,0.7351,positivo,twitter
Automatizacion,0.3818,positivo,twitter
Automatizacion,-0.296,negativo,twitter
Automatizacion,0.3612,positivo,twitter
Futuro,0.3612,positivo,twitter
Empleo,0.4588,positivo,twitter
Automatizacion,0.4588,positivo,twitter
Automatizacion,0.296,positivo,twitter
Automatizacion,0.2732,positivo,twitter
Automatizacion,0.0,neutro,twitter
General,0.0,neutro,twitter
General,-0.34,negativo,twitter
General,-0.296,negativo,twitter
Automatizacion,0.3612,positivo,twitter
Futuro,0.3612,positivo,twitter
General,0.0772,positivo,twitter
Automatizacion,0.7003,positivo,twitter
Empleo,0.0,neutro,twitter
Automatizacion,0.0,neutro,twitter
Automatizacion,0.0387,neutro,twitter
General,0.4939,positivo,twitter
General,0.0258,neutro,twitter
Automatizacion,0.4767,positivo,twitter
Productividad,-0.0772,negativo,twitter
General,0.2023,positivo,twitter
General,0.9402,positivo,twitter
Automatizacion,0.624,positivo,twitter
Automatizacion,0.4588,positivo,twitter
Futuro,0.9217,positivo,twitter
Empleo,0.0,neutro,twitter
Futuro,0.0,neutro,twitter
General,0.0,neutro,twitter
Automatizacion,0.0,neutro,twitter
Empleo,0.4939,positivo,twitter
Automatizacion,0.0857,positivo,twitter
Futuro,0.0857,positivo,twitter
Automatizacion,0.3182,positivo,twitter
Automatizacion,0.0,neutro,twitter
Productividad,0.0,neutro,twitter
General,0.0,neutro,twitter
Automatizacion,0.0,neutro,twitter
Economia,0.9223,positivo,twitter
Futuro,0.3818,positivo,twitter
General,-0.7845,negativo,twitter
General,0.296,positivo,twitter
Automatizacion,0.0,neutro,twitter
Automatizacion,0.0,neutro,twitter
Automatizacion,0.4588,positivo,twitter
Automatizacion,0.0516,positivo,twitter
Etica,0.0516,positivo,twitter
Futuro,0.0,neutro,twitter
Economia,0.0,neutro,twitter
Automatizacion,0.7003,positivo,twitter
Empleo,0.0,neutro,twitter
Empleo,0.7783,positivo,twitter
Automatizacion,0.7783,positivo,twitter
Empleo,0.0,neutro,twitter
Automatizacion,0.0,neutro,twitter
Automatizacion,0.0,neutro,twitter
Futuro,0.0,neutro,twitter
General,0.4215,positivo,twitter
General,0.6705,positivo,twitter
Automatizacion,0.0,neutro,twitter
Automatizacion,0.2732,positivo,twitter
Empleo,0.6597,positivo,twitter
Automatizacion,0.6597,positivo,twitter
Economia,0.6514,positivo,twitter
Automatizacion,0.0,neutro,twitter
Futuro,0.0,neutro,twitter
Empleo,0.6369,positivo,twitter
Automatizacion,0.6369,positivo,twitter
Economia,0.6369,positivo,twitter
General,0.3182,positivo,twitter
General,0.2705,positivo,twitter
General,0.0772,positivo,twitter
Economia,0.7944,positivo,twitter
General,0.0516,positivo,twitter
Automatizacion,0.0,neutro,twitter
General,0.5859,positivo,twitter
General,-0.1531,negativo,twitter
General,0.7964,positivo,twitter
Empleo,0.5423,positivo,twitter
Economia,0.5423,positivo,twitter
Automatizacion,0.5106,positivo,twitter
Automatizacion,0.2732,positivo,twitter
Etica,0.4767,positivo,twitter
Futuro,0.5994,positivo,twitter
Automatizacion,0.2732,positivo,twitter
General,0.0,neutro,twitter
Automatizacion,-0.4019,negativo,twitter
Automatizacion,0.2732,positivo,twitter
Empleo,0.0,neutro,twitter
Automatizacion,0.3612,positivo,twitter
Futuro,0.3612,positivo,twitter
Economia,0.3612,positivo,twitter
Empleo,0.0,neutro,twitter
Automatizacion,0.0,neutro,twitter
General,-0.0258,neutro,twitter
Automatizacion,0.7003,positivo,twitter
Automatizacion,0.6705,positivo,twitter
Automatizacion,0.25,positivo,twitter
Productividad,0.25,positivo,twitter
Automatizacion,0.0,neutro,twitter
Futuro,0.0,neutro,twitter
Empleo,0.0,neutro,twitter
Automatizacion,0.0,neutro,twitter
General,0.0,neutro,twitter
General,0.4939,positivo,twitter
Automatizacion,0.4588,positivo,twitter
General,0.0,neutro,twitter
General,0.4215,positivo,twitter
Automatizacion,0.25,positivo,twitter
General,0.5106,positivo,twitter
General,0.9231,positivo,twitter
Empleo,0.2732,positivo,twitter
General,0.0,neutro,twitter
Empleo,0.0,neutro,twitter
Automatizacion,0.0,neutro,twitter
Automatizacion,0.6597,positivo,twitter
General,0.296,positivo,twitter
Automatizacion,0.0258,neutro,twitter
Futuro,0.0258,neutro,twitter
General,0.4404,positivo,twitter
Empleo,0.4404,positivo,twitter
Automatizacion,0.4404,positivo,twitter
General,0.0,neutro,twitter
General,0.0,neutro,twitter
General,0.4215,positivo,twitter
Empleo,0.0,neutro,twitter
Automatizacion,0.0,neutro,twitter
Empleo,0.0772,positivo,twitter
Automatizacion,0.0772,positivo,twitter
Automatizacion,0.1548,positivo,twitter
Automatizacion,0.0,neutro,twitter
Automatizacion,0.6369,positivo,twitter
Etica,0.6369,positivo,twitter
General,0.5423,positivo,twitter
Empleo,0.3818,positivo,twitter
Automatizacion,0.3818,positivo,twitter
Futuro,0.3818,positivo,twitter
Etica,0.3818,positivo,twitter
General,0.8126,positivo,twitter
Empleo,0.7096,positivo,twitter
General,0.4588,positivo,twitter
Automatizacion,0.0,neutro,twitter
General,0.6369,positivo,twitter
Automatizacion,0.25,positivo,twitter
General,0.4939,positivo,twitter
Empleo,0.0,neutro,twitter
Automatizacion,0.0,neutro,twitter
Automatizacion,0.6597,positivo,twitter
Automatizacion,0.3612,positivo,twitter
Futuro,0.3612,positivo,twitter
General,-0.1531,negativo,twitter
Empleo,0.5719,positivo,twitter
Automatizacion,0.5719,positivo,twitter
Automatizacion,0.0,neutro,twitter
Empleo,0.0,neutro,twitter
Automatizacion,0.0,neutro,twitter
Futuro,0.0,neutro,twitter
General,0.0,neutro,twitter
General,-0.5719,negativo,twitter
General,0.0,neutro,twitter
Empleo,0.0,neutro,twitter
Automatizacion,0.0,neutro,twitter
Futuro,0.0,neutro,twitter
General,0.0,neutro,twitter
Automatizacion,0.6705,positivo,twitter
Empleo,0.6369,positivo,twitter
Automatizacion,0.6369,positivo,twitter
General,0.0,neutro,twitter
Automatizacion,0.4404,positivo,twitter
Empleo,0.0,neutro,twitter
Automatizacion,0.0,neutro,twitter
Automatizacion,0.8074,positivo,twitter
General,0.6808,positivo,twitter
Automatizacion,0.0,neutro,twitter
Futuro,0.0,neutro,twitter
Automatizacion,0.0,neutro,twitter
Automatizacion,0.0,neutro,twitter
Automatizacion,0.5719,positivo,twitter
Futuro,0.5719,positivo,twitter
Productividad,0.4588,positivo,twitter
Automatizacion,0.0,neutro,twitter
Automatizacion,0.6705,positivo,twitter
Automatizacion,0.6369,positivo,twitter
Empleo,0.4215,positivo,twitter
Automatizacion,0.4215,positivo,twitter
General,0.4588,positivo,twitter
Automatizacion,0.0,neutro,twitter
Futuro,0.0,neutro,twitter
Automatizacion,0.6249,positivo,twitter
Automatizacion,0.0,neutro,twitter
Automatizacion,0.9231,positivo,twitter
Productividad,0.9231,positivo,twitter
Economia,0.9231,positivo,twitter
Automatizacion,0.5574,positivo,twitter
Automatizacion,0.7783,positivo,twitter
Futuro,0.7783,positivo,twitter
Futuro,0.4767,positivo,twitter
Futuro,0.6801,positivo,twitter
Automatizacion,0.5106,positivo,twitter
Economia,0.5106,positivo,twitter
General,0.3818,positivo,twitter
Futuro,0.4767,positivo,twitter
Automatizacion,0.6597,positivo,twitter
Automatizacion,0.872,positivo,twitter
Productividad,0.872,positivo,twitter
Automatizacion,0.0,neutro,twitter
Futuro,0.0,neutro,twitter
General,0.4019,positivo,twitter
Automatizacion,0.0,neutro,twitter
Empleo,0.4588,positivo,twitter
Automatizacion,0.4588,positivo,twitter
General,0.5574,positivo,twitter
General,-0.1779,negativo,twitter
Automatizacion,0.0,neutro,twitter
Automatizacion,0.0,neutro,twitter
Automatizacion,0.4404,positivo,twitter
Empleo,0.4019,positivo,twitter
General,0.8074,positivo,twitter
Automatizacion,-0.6249,negativo,twitter
Empleo,0.1901,positivo,twitter
Automatizacion,-0.6597,negativo,twitter
General,0.0,neutro,twitter
Automatizacion,-0.4023,negativo,twitter
Futuro,-0.4023,negativo,twitter
Economia,-0.4023,negativo,twitter
General,0.8201,positivo,twitter
Futuro,0.6124,positivo,twitter
Economia,0.6124,positivo,twitter
General,0.0,neutro,twitter
General,0.2682,positivo,twitter
Automatizacion,0.0,neutro,twitter
General,0.0,neutro,twitter
General,0.0,neutro,twitter
General,0.8074,positivo,twitter
Automatizacion,0.3182,positivo,twitter
Futuro,0.3182,positivo,twitter
Productividad,0.3182,positivo,twitter
Productividad,0.9595,positivo,twitter
Automatizacion,0.0,neutro,twitter
General,0.3291,positivo,twitter
Empleo,0.0,neutro,twitter
Automatizacion,0.0,neutro,twitter
Automatizacion,0.5267,positivo,twitter
General,0.0,neutro,twitter
Automatizacion,0.6808,positivo,twitter
General,0.0,neutro,twitter
Automatizacion,0.0,neutro,twitter
General,-0.6288,negativo,twitter
General,0.6597,positivo,twitter
Empleo,0.7579,positivo,twitter
Automatizacion,0.7579,positivo,twitter
Empleo,0.4215,positivo,twitter
Automatizacion,0.4215,positivo,twitter
Empleo,0.6597,positivo,twitter
Empleo,0.6597,positivo,twitter
Automatizacion,0.6597,positivo,twitter
Automatizacion,0.91,positivo,twitter
General,0.5106,positivo,twitter
General,0.0,neutro,twitter
Automatizacion,0.0,neutro,twitter
Empleo,0.4215,positivo,twitter
Automatizacion,0.4215,positivo,twitter
Empleo,0.2716,positivo,twitter
Futuro,0.2716,positivo,twitter
General,0.0,neutro,twitter
General,-0.7579,negativo,twitter
Economia,0.7351,positivo,twitter
Automatizacion,0.0,neutro,twitter
Automatizacion,0.3818,positivo,twitter
Futuro,0.3818,positivo,twitter
Automatizacion,0.0,neutro,twitter
Automatizacion,0.296,positivo,twitter
Automatizacion,0.8212,positivo,twitter
General,0.0,neutro,twitter
General,-0.4588,negativo,twitter
Automatizacion,0.0,neutro,twitter
Automatizacion,0.4939,positivo,twitter
Empleo,0.0,neutro,twitter
Automatizacion,0.0,neutro,twitter
Futuro,0.0,neutro,twitter
Etica,0.0,neutro,twitter
General,0.7964,positivo,twitter
Empleo,0.5849,positivo,twitter
Automatizacion,0.5849,positivo,twitter
Automatizacion,0.0,neutro,twitter
Futuro,0.0,neutro,twitter
Empleo,0.4215,positivo,twitter
Automatizacion,0.4215,positivo,twitter
Automatizacion,0.4767,positivo,twitter
Futuro,0.4767,positivo,twitter
Automatizacion,-0.6124,negativo,twitter
Futuro,-0.6124,negativo,twitter
Empleo,0.3818,positivo,twitter
Futuro,0.3818,positivo,twitter
Empleo,0.0,neutro,twitter
Automatizacion,0.0,neutro,twitter
Automatizacion,0.0,neutro,twitter
Empleo,0.4767,positivo,twitter
Automatizacion,0.4767,positivo,twitter
General,-0.5719,negativo,twitter
Automatizacion,0.0,neutro,twitter
General,0.802,positivo,twitter
Automatizacion,0.0,neutro,twitter
Automatizacion,0.8316,positivo,twitter
General,0.0,neutro,twitter
Automatizacion,0.2732,positivo,twitter
General,0.1506,positivo,twitter
Automatizacion,0.7351,positivo,twitter
Automatizacion,0.6808,positivo,twitter
General,0.9371,positivo,twitter
Automatizacion,0.2263,positivo,twitter
Automatizacion,0.4404,positivo,twitter
Futuro,0.4404,positivo,twitter
Automatizacion,0.0,neutro,twitter
Empleo,0.0,neutro,twitter
Automatizacion,0.0,neutro,twitter
General,0.4767,positivo,twitter
Empleo,0.6597,positivo,twitter
Automatizacion,0.6597,positivo,twitter
Automatizacion,0.0,neutro,twitter
Empleo,0.4404,positivo,twitter
Automatizacion,0.4404,positivo,twitter
Automatizacion,0.4404,positivo,twitter
Productividad,0.6249,positivo,twitter
Empleo,0.4215,positivo,twitter
Automatizacion,0.4215,positivo,twitter
Automatizacion,0.3818,positivo,twitter
Automatizacion,0.0,neutro,twitter
Empleo,0.0,neutro,twitter
Automatizacion,0.0,neutro,twitter
General,0.4767,positivo,twitter
General,0.0772,positivo,twitter
Automatizacion,0.0,neutro,twitter
Economia,0.8979,positivo,twitter
Automatizacion,0.7506,positivo,twitter
Futuro,0.7506,positivo,twitter
Empleo,0.0,neutro,twitter
Automatizacion,0.0,neutro,twitter
Automatizacion,0.836,positivo,twitter
Productividad,0.836,positivo,twitter
Automatizacion,0.4404,positivo,twitter
Automatizacion,0.4588,positivo,twitter
Automatizacion,0.5719,positivo,twitter
Futuro,0.5719,positivo,twitter
Automatizacion,0.0,neutro,twitter
Automatizacion,0.0,neutro,twitter
Futuro,0.0,neutro,twitter
General,0.0,neutro,twitter
Empleo,0.3612,positivo,twitter
Automatizacion,0.3612,positivo,twitter
Automatizacion,0.0,neutro,twitter
Futuro,0.0,neutro,twitter
Automatizacion,0.836,positivo,twitter
Productividad,0.836,positivo,twitter
Automatizacion,0.7506,positivo,twitter
Automatizacion,0.0,neutro,twitter
General,0.0,neutro,twitter
Automatizacion,0.4215,positivo,twitter
Automatizacion,0.0,neutro,twitter
Futuro,0.0,neutro,twitter
Automatizacion,0.0,neutro,twitter
General,0.0,neutro,twitter
Automatizacion,0.9266,positivo,twitter
General,0.6705,positivo,twitter
General,0.4767,positivo,twitter
Automatizacion,0.4767,positivo,twitter
Automatizacion,0.0,neutro,twitter
General,0.0,neutro,twitter
Etica,0.4767,positivo,twitter
Empleo,0.0,neutro,twitter
Automatizacion,0.0,neutro,twitter
General,0.0,neutro,twitter
Automatizacion,0.7775,positivo,twitter
Automatizacion,0.4404,positivo,twitter
Productividad,0.4404,positivo,twitter
General,0.6369,positivo,twitter
Futuro,0.3818,positivo,twitter
Empleo,0.0,neutro,twitter
Automatizacion,0.0,neutro,twitter
Automatizacion,0.0,neutro,twitter
General,0.0,neutro,twitter
Automatizacion,0.0,neutro,twitter
Automatizacion,0.0772,positivo,twitter
Futuro,0.0772,positivo,twitter
Automatizacion,0.5267,positivo,twitter
Automatizacion,0.0,neutro,twitter
Automatizacion,0.6369,positivo,twitter
Automatizacion,0.7096,positivo,twitter
Automatizacion,0.4019,positivo,twitter
Automatizacion,0.0,neutro,twitter
Automatizacion,0.0,neutro,twitter
General,0.0,neutro,twitter
Automatizacion,0.0,neutro,twitter
Futuro,0.5574,positivo,twitter
Automatizacion,0.0,neutro,twitter
General,0.0,neutro,twitter
Automatizacion,0.3612,positivo,twitter
Empleo,0.0,neutro,twitter
Automatizacion,0.0,neutro,twitter
Automatizacion,0.0,neutro,twitter
Futuro,0.8074,positivo,twitter
Automatizacion,0.4588,positivo,twitter
Automatizacion,0.7351,positivo,twitter
Economia,0.7351,positivo,twitter
Automatizacion,0.0,neutro,twitter
Empleo,0.0,neutro,twitter
Automatizacion,0.0,neutro,twitter
General,0.5719,positivo,twitter
Empleo,0.4588,positivo,twitter
Automatizacion,0.4588,positivo,twitter
Automatizacion,-0.5106,negativo,twitter
Automatizacion,0.0,neutro,twitter
Automatizacion,0.959,positivo,twitter
Futuro,0.959,positivo,twitter
Automatizacion,0.743,positivo,twitter
General,0.7003,positivo,twitter
Automatizacion,0.1779,positivo,twitter
Futuro,0.1779,positivo,twitter
Empleo,0.0,neutro,twitter
Automatizacion,0.0,neutro,twitter
Automatizacion,0.4404,positivo,twitter
Automatizacion,0.0,neutro,twitter
Automatizacion,0.3612,positivo,twitter
Automatizacion,0.0,neutro,twitter
Automatizacion,-0.5209,negativo,twitter
Automatizacion,0.0,neutro,twitter
Futuro,0.0,neutro,twitter
Automatizacion,0.0,neutro,twitter
General,0.0,neutro,twitter
Automatizacion,0.34,positivo,twitter
Automatizacion,0.25,positivo,twitter
Futuro,0.25,positivo,twitter
Automatizacion,0.4404,positivo,twitter
General,0.032,neutro,twitter
Automatizacion,0.4588,positivo,twitter
Automatizacion,-0.4576,negativo,twitter
Automatizacion,0.0,neutro,twitter
Automatizacion,0.0,neutro,twitter
General,0.4404,positivo,twitter
Empleo,0.0,neutro,twitter
Automatizacion,0.0,neutro,twitter
Futuro,0.0,neutro,twitter
Empleo,0.0,neutro,twitter
Automatizacion,0.0,neutro,twitter
General,0.0,neutro,twitter
Automatizacion,0.6652,positivo,twitter
Futuro,0.6652,positivo,twitter
Futuro,0.3818,positivo,twitter
Automatizacion,0.0,neutro,twitter
Automatizacion,0.2363,positivo,twitter
Etica,-0.0803,negativo,twitter
Automatizacion,0.6597,positivo,twitter
Automatizacion,0.6369,positivo,twitter
Automatizacion,-0.6124,negativo,twitter
Automatizacion,0.8932,positivo,twitter
Automatizacion,0.5719,positivo,twitter
Empleo,0.0,neutro,twitter
Automatizacion,0.0,neutro,twitter
Futuro,0.0,neutro,twitter
Etica,0.0,neutro,twitter
General,0.0,neutro,twitter
General,0.3182,positivo,twitter
Automatizacion,0.9201,positivo,twitter
General,0.0,neutro,twitter
Automatizacion,0.1139,positivo,twitter
General,0.0,neutro,twitter
General,-0.5719,negativo,twitter
General,0.0,neutro,twitter
Automatizacion,0.0,neutro,twitter
General,-0.4019,negativo,twitter
Automatizacion,-0.4588,negativo,twitter
Futuro,-0.4588,negativo,twitter
Automatizacion,0.0,neutro,twitter
General,0.0,neutro,twitter
General,0.0,neutro,twitter
Empleo,0.5423,positivo,twitter
General,0.0,neutro,twitter
Automatizacion,0.2023,positivo,twitter
Automatizacion,0.0,neutro,twitter
Futuro,0.0,neutro,twitter
General,0.0,neutro,twitter
Automatizacion,0.0,neutro,twitter
Automatizacion,0.0,neutro,twitter
Empleo,0.6808,positivo,twitter
Automatizacion,0.6808,positivo,twitter
Productividad,0.6808,positivo,twitter
Automatizacion,0.2263,positivo,twitter
General,0.2732,positivo,twitter
General,-0.1027,negativo,twitter
General,0.3182,positivo,twitter
Automatizacion,0.6597,positivo,twitter
Automatizacion,0.4215,positivo,twitter
Automatizacion,0.1027,positivo,twitter
General,0.0,neutro,twitter
General,0.1326,positivo,twitter
General,0.4404,positivo,twitter
General,0.0,neutro,twitter
General,0.4215,positivo,twitter
General,-0.3612,negativo,twitter
Automatizacion,0.6908,positivo,twitter
Automatizacion,0.0,neutro,twitter
Empleo,0.0,neutro,twitter
Automatizacion,0.0,neutro,twitter
Empleo,0.0,neutro,twitter
Automatizacion,0.0,neutro,twitter
General,-0.0772,negativo,twitter
Automatizacion,0.0772,positivo,twitter
Empleo,0.8402,positivo,twitter
Automatizacion,0.8402,positivo,twitter
Etica,0.8402,positivo,twitter
Automatizacion,0.0,neutro,twitter
Empleo,0.0,neutro,twitter
Empleo,0.4767,positivo,twitter
Automatizacion,0.4767,positivo,twitter
General,0.4767,positivo,twitter
Economia,0.6124,positivo,twitter
Futuro,0.6808,positivo,twitter
Empleo,0.8832,positivo,twitter
Empleo,0.5423,positivo,twitter
Economia,0.5423,positivo,twitter
Automatizacion,0.3818,positivo,twitter
Etica,0.3818,positivo,twitter
Automatizacion,0.0,neutro,twitter
General,0.0,neutro,twitter
Automatizacion,0.0,neutro,twitter
Automatizacion,-0.4019,negativo,twitter
Economia,-0.4019,negativo,twitter
Automatizacion,0.7506,positivo,twitter
General,-0.6184,negativo,twitter
Automatizacion,0.2846,positivo,twitter
Futuro,0.2846,positivo,twitter
Etica,0.2846,positivo,twitter
Automatizacion,0.4667,positivo,twitter
Automatizacion,-0.3612,negativo,twitter
Empleo,0.2023,positivo,twitter
Empleo,0.0,neutro,twitter
Automatizacion,0.3818,positivo,twitter
Automatizacion,0.875,positivo,twitter
General,0.0,neutro,twitter
Automatizacion,0.0,neutro,twitter
Empleo,-0.3818,negativo,twitter
Automatizacion,-0.3818,negativo,twitter
General,0.0,neutro,twitter
Automatizacion,0.0,neutro,twitter
Futuro,0.0,neutro,twitter
General,-0.296,negativo,twitter
Automatizacion,-0.1321,negativo,twitter
Automatizacion,0.0516,positivo,twitter
Automatizacion,0.3818,positivo,twitter
Automatizacion,0.0,neutro,twitter
General,0.296,positivo,twitter
General,0.25,positivo,twitter
Automatizacion,0.6597,positivo,twitter
Automatizacion,0.0,neutro,twitter
Automatizacion,0.7906,positivo,twitter
General,0.4019,positivo,twitter
General,0.1027,positivo,twitter
Automatizacion,0.6597,positivo,twitter
Productividad,0.6597,positivo,twitter
General,0.296,positivo,twitter
Automatizacion,0.6486,positivo,twitter
Futuro,0.6486,positivo,twitter
Empleo,0.7096,positivo,twitter
Automatizacion,0.7096,positivo,twitter
Empleo,0.4215,positivo,twitter
Automatizacion,0.4215,positivo,twitter
General,0.0,neutro,twitter
Automatizacion,0.0,neutro,twitter
Empleo,0.6597,positivo,twitter
Automatizacion,0.6597,positivo,twitter
General,0.0,neutro,twitter
General,0.8074,positivo,twitter
Empleo,0.0,neutro,twitter
Automatizacion,0.0,neutro,twitter
Automatizacion,0.0,neutro,twitter
General,0.8074,positivo,twitter
Automatizacion,0.4404,positivo,twitter
General,0.0,neutro,twitter
General,0.25,positivo,twitter
Automatizacion,0.0,neutro,twitter
Automatizacion,0.4404,positivo,twitter
General,0.1027,positivo,twitter
Automatizacion,0.0,neutro,twitter
General,0.0,neutro,twitter
Automatizacion,0.0772,positivo,twitter
Empleo,0.0,neutro,twitter
Automatizacion,0.0,neutro,twitter
Automatizacion,0.25,positivo,twitter
Futuro,0.25,positivo,twitter
Futuro,0.5927,positivo,twitter
Empleo,0.0,neutro,twitter
Automatizacion,0.0,neutro,twitter
Automatizacion,0.0,neutro,twitter
Empleo,0.0,neutro,twitter
Automatizacion,0.0,neutro,twitter
Automatizacion,0.0,neutro,twitter
General,0.5994,positivo,twitter
Automatizacion,0.0,neutro,twitter
Automatizacion,0.0,neutro,twitter
General,0.2732,positivo,twitter
Empleo,0.0,neutro,twitter
Automatizacion,0.0,neutro,twitter
Futuro,0.0,neutro,twitter
Etica,0.0,neutro,twitter
Automatizacion,0.4588,positivo,twitter
Automatizacion,0.0,neutro,twitter
Automatizacion,0.6597,positivo,twitter
Automatizacion,0.0,neutro,twitter
Automatizacion,0.4404,positivo,twitter
General,0.0,neutro,twitter
Automatizacion,0.6369,positivo,twitter
Futuro,0.6369,positivo,twitter
Empleo,0.0,neutro,twitter
Futuro,0.0,neutro,twitter
Automatizacion,0.4404,positivo,twitter
Empleo,0.2732,positivo,twitter
Automatizacion,0.2732,positivo,twitter
Automatizacion,0.4404,positivo,twitter
Futuro,0.4404,positivo,twitter
Futuro,0.0,neutro,twitter
Automatizacion,0.5719,positivo,twitter
Automatizacion,0.0,neutro,twitter
Futuro,0.9118,positivo,twitter
Empleo,0.0,neutro,twitter
Empleo,0.6249,positivo,twitter
Automatizacion,0.6249,positivo,twitter
Empleo,0.0,neutro,twitter
Automatizacion,0.0,neutro,twitter
Automatizacion,0.3612,positivo,twitter
Productividad,0.3612,positivo,twitter
Automatizacion,0.4404,positivo,twitter
Futuro,0.4404,positivo,twitter
Automatizacion,0.3818,positivo,twitter
Futuro,0.3818,positivo,twitter
Automatizacion,0.6597,positivo,twitter
Automatizacion,0.6597,positivo,twitter
Futuro,0.6597,positivo,twitter
Productividad,0.6597,positivo,twitter
Automatizacion,0.6597,positivo,twitter
General,0.6808,positivo,twitter
Empleo,0.5423,positivo,twitter
Economia,0.5423,positivo,twitter
General,0.4404,positivo,twitter
General,0.3612,positivo,twitter
General,0.0,neutro,twitter
Automatizacion,0.3612,positivo,twitter
Automatizacion,0.0,neutro,twitter
Automatizacion,0.4019,positivo,twitter
Empleo,0.1779,positivo,twitter
Automatizacion,0.1779,positivo,twitter
Futuro,0.1779,positivo,twitter
Etica,0.1779,positivo,twitter
Automatizacion,0.0,neutro,twitter
Automatizacion,-0.2732,negativo,twitter
Automatizacion,0.4588,positivo,twitter
General,0.4767,positivo,twitter
General,0.3818,positivo,twitter
Automatizacion,0.5859,positivo,twitter
Automatizacion,0.25,positivo,twitter
Automatizacion,0.0,neutro,twitter
Automatizacion,0.4404,positivo,twitter
Empleo,0.0,neutro,twitter
Automatizacion,0.0,neutro,twitter
Etica,0.0258,neutro,twitter
Automatizacion,0.0516,positivo,twitter
Futuro,0.0516,positivo,twitter
Futuro,0.3818,positivo,twitter
General,0.0,neutro,twitter
Automatizacion,0.8625,positivo,twitter
Automatizacion,0.4767,positivo,twitter
Automatizacion,0.886,positivo,twitter
General,0.743,positivo,twitter
Automatizacion,0.4404,positivo,twitter
General,0.3818,positivo,twitter
General,0.9081,positivo,twitter
General,0.3182,positivo,twitter
Empleo,0.4404,positivo,twitter
Automatizacion,0.4404,positivo,twitter
Productividad,0.4215,positivo,twitter
Empleo,0.0,neutro,twitter
Automatizacion,0.2732,positivo,twitter
Futuro,0.2732,positivo,twitter
General,0.8689,positivo,twitter
Futuro,0.0,neutro,twitter
Automatizacion,0.0,neutro,twitter
Automatizacion,0.25,positivo,twitter
Futuro,0.25,positivo,twitter
Automatizacion,0.743,positivo,twitter
General,0.5106,positivo,twitter
Automatizacion,0.4588,positivo,twitter
Productividad,0.7351,positivo,twitter
General,0.0,neutro,twitter
General,0.0,neutro,twitter
Automatizacion,0.3612,positivo,twitter
Empleo,0.0,neutro,twitter
Automatizacion,0.2023,positivo,twitter
Empleo,0.6597,positivo,twitter
Automatizacion,0.6597,positivo,twitter
Automatizacion,-0.296,negativo,twitter
Automatizacion,0.7506,positivo,twitter
Automatizacion,0.4588,positivo,twitter
Futuro,0.4588,positivo,twitter
Automatizacion,0.7003,positivo,twitter
Automatizacion,0.4404,positivo,twitter
Economia,0.4404,positivo,twitter
Economia,-0.4019,negativo,twitter
Empleo,0.0,neutro,twitter
Automatizacion,0.0,neutro,twitter
Futuro,0.0,neutro,twitter
Empleo,0.0,neutro,twitter
Automatizacion,0.0,neutro,twitter
Futuro,0.0,neutro,twitter
Empleo,0.0,neutro,twitter
Automatizacion,0.0,neutro,twitter
Futuro,0.0,neutro,twitter
Empleo,0.8402,positivo,twitter
Automatizacion,0.8402,positivo,twitter
Futuro,0.8402,positivo,twitter
Automatizacion,-0.25,negativo,twitter
Empleo,-0.1531,negativo,twitter
Automatizacion,-0.1531,negativo,twitter
Futuro,-0.1531,negativo,twitter
Etica,-0.1531,negativo,twitter
Automatizacion,0.0,neutro,twitter
General,0.8402,positivo,twitter
Automatizacion,0.0,neutro,twitter
General,0.0,neutro,twitter
Automatizacion,-0.1027,negativo,twitter
Futuro,-0.1027,negativo,twitter
Empleo,0.0,neutro,twitter
Automatizacion,0.0,neutro,twitter
General,0.0,neutro,twitter
General,0.0,neutro,twitter
Automatizacion,0.0,neutro,twitter
Automatizacion,0.9607,positivo,twitter
Etica,0.9607,positivo,twitter
General,0.0,neutro,twitter
Automatizacion,0.3818,positivo,twitter
Economia,0.3818,positivo,twitter
General,0.0,neutro,twitter
Automatizacion,0.6124,positivo,twitter
General,0.6597,positivo,twitter
Empleo,0.6705,positivo,twitter
General,0.4767,positivo,twitter
Etica,-0.1027,negativo,twitter
Automatizacion,0.7783,positivo,twitter
Automatizacion,0.0,neutro,twitter
Automatizacion,-0.4767,negativo,twitter
Automatizacion,0.0,neutro,twitter
General,0.4939,positivo,twitter
General,0.0,neutro,twitter
Automatizacion,0.4404,positivo,twitter
Automatizacion,0.0,neutro,twitter
Futuro,0.0,neutro,twitter
Automatizacion,0.4215,positivo,twitter
Futuro,0.4215,positivo,twitter
General,0.5859,positivo,twitter
Automatizacion,0.0,neutro,twitter
Automatizacion,0.0,neutro,twitter
Automatizacion,-0.7845,negativo,twitter
Futuro,-0.7845,negativo,twitter
Automatizacion,0.0,neutro,twitter
Economia,0.0,neutro,twitter
Automatizacion,0.1779,positivo,twitter
General,0.3818,positivo,twitter
Automatizacion,0.6705,positivo,twitter
General,0.0,neutro,twitter
Empleo,0.0,neutro,twitter
Automatizacion,0.0,neutro,twitter
Futuro,0.0,neutro,twitter
Automatizacion,0.0,neutro,twitter
General,0.8074,positivo,twitter
Automatizacion,0.7269,positivo,twitter
General,0.8074,positivo,twitter
Empleo,0.0,neutro,twitter
Automatizacion,0.0,neutro,twitter
Automatizacion,0.0,neutro,twitter
Automatizacion,0.0,neutro,twitter
Empleo,0.3818,positivo,twitter
Automatizacion,0.3818,positivo,twitter
General,0.0,neutro,twitter
Automatizacion,0.0,neutro,twitter
Automatizacion,0.7184,positivo,twitter
Automatizacion,0.765,positivo,twitter
Economia,0.765,positivo,twitter
Automatizacion,0.0,neutro,twitter
General,0.596,positivo,twitter
Empleo,0.0,neutro,twitter
Automatizacion,0.0,neutro,twitter
Futuro,0.0,neutro,twitter
Automatizacion,0.2023,positivo,twitter
General,0.4588,positivo,twitter
General,-0.2263,negativo,twitter
Automatizacion,0.0,neutro,twitter
Futuro,0.0,neutro,twitter
General,-0.5216,negativo,twitter
Automatizacion,0.0,neutro,twitter
Futuro,0.0,neutro,twitter
Empleo,0.0,neutro,twitter
Automatizacion,0.0,neutro,twitter
Empleo,0.0,neutro,twitter
Automatizacion,0.0,neutro,twitter
Futuro,0.0,neutro,twitter
Etica,0.0,neutro,twitter
Economia,-0.4019,negativo,twitter
General,-0.4256,negativo,twitter
Economia,-0.4019,negativo,twitter
Automatizacion,0.3818,positivo,twitter
Automatizacion,0.3818,positivo,twitter
Futuro,0.3818,positivo,twitter
Automatizacion,0.8225,positivo,twitter
General,0.0,neutro,twitter
General,0.0,neutro,twitter
Automatizacion,0.0,neutro,twitter
Automatizacion,-0.5927,negativo,twitter
Productividad,-0.5927,negativo,twitter
Automatizacion,0.34,positivo,twitter
Economia,0.34,positivo,twitter
Automatizacion,0.4215,positivo,twitter
Automatizacion,0.25,positivo,twitter
Automatizacion,0.6124,positivo,twitter
Automatizacion,0.0,neutro,twitter
Etica,0.0,neutro,twitter
Productividad,0.7096,positivo,twitter
Empleo,0.1139,positivo,twitter
Automatizacion,0.1139,positivo,twitter
General,0.0,neutro,twitter
Automatizacion,0.34,positivo,twitter
General,0.0,neutro,twitter
Automatizacion,0.3612,positivo,twitter
Futuro,0.3612,positivo,twitter
Automatizacion,0.2023,positivo,twitter
Futuro,0.2023,positivo,twitter
Empleo,0.0,neutro,twitter
Automatizacion,0.0,neutro,twitter
Futuro,0.8271,positivo,twitter
Automatizacion,0.0258,neutro,twitter
Automatizacion,0.0,neutro,twitter
Futuro,0.0,neutro,twitter
Automatizacion,0.0,neutro,twitter
General,0.0,neutro,twitter
General,0.0,neutro,twitter
Automatizacion,0.5423,positivo,twitter
Automatizacion,0.0,neutro,twitter
Economia,0.5719,positivo,twitter
Empleo,0.0,neutro,twitter
Automatizacion,0.0,neutro,twitter
Automatizacion,0.0,neutro,twitter
Automatizacion,0.743,positivo,twitter
Automatizacion,0.0,neutro,twitter
Automatizacion,0.25,positivo,twitter
Automatizacion,0.0,neutro,twitter
Empleo,0.0,neutro,twitter
Automatizacion,0.0,neutro,twitter
Futuro,0.0,neutro,twitter
Empleo,0.4767,positivo,twitter
Automatizacion,0.4767,positivo,twitter
Automatizacion,0.6249,positivo,twitter
Automatizacion,0.0,neutro,twitter
Futuro,0.0,neutro,twitter
Empleo,-0.5346,negativo,twitter
Automatizacion,-0.5346,negativo,twitter
Automatizacion,-0.1027,negativo,twitter
Automatizacion,0.4588,positivo,twitter
General,0.3182,positivo,twitter
Automatizacion,0.5106,positivo,twitter
Automatizacion,0.0772,positivo,twitter
General,0.0772,positivo,twitter
Automatizacion,0.4767,positivo,twitter
Empleo,-0.1779,negativo,twitter
Automatizacion,0.0,neutro,twitter
Futuro,0.0,neutro,twitter
Automatizacion,0.0,neutro,twitter
Futuro,0.0,neutro,twitter
Empleo,0.0,neutro,twitter
Automatizacion,0.0,neutro,twitter
Automatizacion,0.0,neutro,twitter
Automatizacion,0.1779,positivo,twitter
Automatizacion,-0.1027,negativo,twitter
Etica,-0.1027,negativo,twitter
Automatizacion,0.1531,positivo,twitter
General,0.0,neutro,twitter
Empleo,0.0,neutro,twitter
Automatizacion,0.0,neutro,twitter
Futuro,0.0,neutro,twitter
Etica,0.0,neutro,twitter
Automatizacion,0.743,positivo,twitter
Empleo,0.0,neutro,twitter
Automatizacion,0.0,neutro,twitter
Automatizacion,-0.4404,negativo,twitter
General,-0.4404,negativo,twitter
Automatizacion,0.6369,positivo,twitter
General,0.0,neutro,twitter
Automatizacion,-0.6369,negativo,twitter
Etica,-0.6369,negativo,twitter
Automatizacion,0.1531,positivo,twitter
Empleo,0.4404,positivo,twitter
Automatizacion,0.4404,positivo,twitter
General,0.6542,positivo,twitter
Automatizacion,0.4588,positivo,twitter
Empleo,-0.079,negativo,twitter
Etica,-0.079,negativo,twitter
Automatizacion,0.7783,positivo,twitter
Automatizacion,0.0,neutro,twitter
Empleo,-0.5574,negativo,twitter
Automatizacion,-0.5574,negativo,twitter
Futuro,-0.5574,negativo,twitter
Etica,-0.5574,negativo,twitter
Automatizacion,0.6369,positivo,twitter
Automatizacion,0.0,neutro,twitter
Futuro,0.0,neutro,twitter
Automatizacion,0.8442,positivo,twitter
Empleo,0.4215,positivo,twitter
Automatizacion,0.4215,positivo,twitter
Futuro,0.4215,positivo,twitter
Etica,0.4215,positivo,twitter
General,0.2023,positivo,twitter
Automatizacion,-0.4939,negativo,twitter
Futuro,-0.4939,negativo,twitter
Automatizacion,0.5106,positivo,twitter
General,0.4767,positivo,twitter
Automatizacion,0.4215,positivo,twitter
Futuro,0.4215,positivo,twitter
General,0.7717,positivo,twitter
Automatizacion,0.2023,positivo,twitter
General,0.3818,positivo,twitter
Automatizacion,0.0,neutro,twitter
Futuro,0.0,neutro,twitter
Empleo,0.0,neutro,twitter
Futuro,0.0,neutro,twitter
Empleo,0.0,neutro,twitter
Automatizacion,0.0,neutro,twitter
Automatizacion,0.1531,positivo,twitter
Automatizacion,0.0,neutro,twitter
Futuro,0.0,neutro,twitter
Automatizacion,0.0,neutro,twitter
Automatizacion,0.0,neutro,twitter
Automatizacion,0.4019,positivo,twitter
Automatizacion,0.0,neutro,twitter
Empleo,0.0,neutro,twitter
Automatizacion,0.0,neutro,twitter
Empleo,0.6369,positivo,twitter
Automatizacion,0.6369,positivo,twitter
Automatizacion,0.2023,positivo,twitter
Futuro,0.2023,positivo,twitter
Automatizacion,0.296,positivo,twitter
Futuro,0.296,positivo,twitter
Futuro,0.6249,positivo,twitter
General,0.2732,positivo,twitter
Automatizacion,0.0,neutro,twitter
Automatizacion,0.2023,positivo,twitter
General,0.0,neutro,twitter
Automatizacion,0.4404,positivo,twitter
General,0.3182,positivo,twitter
Automatizacion,0.0,neutro,twitter
Futuro,0.0,neutro,twitter
Automatizacion,0.6705,positivo,twitter
General,0.0,neutro,twitter
Automatizacion,0.3182,positivo,twitter
Automatizacion,0.3612,positivo,twitter
General,-0.1725,negativo,twitter
Automatizacion,0.7351,positivo,twitter
General,0.0,neutro,twitter
Automatizacion,0.5106,positivo,twitter
Futuro,0.5106,positivo,twitter
Automatizacion,0.1531,positivo,twitter
Automatizacion,-0.6486,negativo,twitter
Automatizacion,0.4404,positivo,twitter
Automatizacion,0.0,neutro,twitter
Automatizacion,0.0,neutro,twitter
Economia,0.8689,positivo,twitter
Automatizacion,0.5106,positivo,twitter
Automatizacion,0.0,neutro,twitter
Automatizacion,0.0,neutro,twitter
General,0.0,neutro,twitter
General,0.0,neutro,twitter
Automatizacion,0.0,neutro,twitter
Futuro,0.0,neutro,twitter
Automatizacion,0.0,neutro,twitter
Empleo,0.8074,positivo,twitter
Automatizacion,0.8074,positivo,twitter
Futuro,0.8074,positivo,twitter
Etica,0.8074,positivo,twitter
Automatizacion,0.2023,positivo,twitter
Empleo,0.25,positivo,twitter
Automatizacion,0.25,positivo,twitter
Etica,0.2023,positivo,twitter
Automatizacion,0.0,neutro,twitter
Automatizacion,0.0772,positivo,twitter
Futuro,0.0772,positivo,twitter
Automatizacion,0.4927,positivo,twitter
General,0.7906,positivo,twitter
General,0.0,neutro,twitter
Automatizacion,0.0,neutro,twitter
Empleo,0.0,neutro,twitter
Automatizacion,0.0,neutro,twitter
Automatizacion,0.0,neutro,twitter
General,0.4019,positivo,twitter
Automatizacion,0.0,neutro,twitter
Futuro,0.0,neutro,twitter
Automatizacion,0.25,positivo,twitter
Automatizacion,0.6908,positivo,twitter
Automatizacion,-0.4576,negativo,twitter
Automatizacion,0.9059,positivo,twitter
Productividad,0.9059,positivo,twitter
General,0.0,neutro,twitter
General,0.0,neutro,twitter
General,0.4404,positivo,twitter
General,-0.7717,negativo,twitter
General,-0.3612,negativo,twitter
Automatizacion,0.0,neutro,twitter
Automatizacion,0.0,neutro,twitter
Automatizacion,0.0,neutro,twitter
Automatizacion,0.25,positivo,twitter
General,0.2263,positivo,twitter
General,0.7845,positivo,twitter
General,0.0,neutro,twitter
Automatizacion,0.743,positivo,twitter
Automatizacion,0.0,neutro,twitter
Productividad,0.0,neutro,twitter
General,0.0,neutro,twitter
Automatizacion,0.4939,positivo,twitter
Futuro,0.4939,positivo,twitter
Automatizacion,0.7462,positivo,twitter
General,0.0,neutro,twitter
Empleo,0.0,neutro,twitter
Automatizacion,0.0,neutro,twitter
Automatizacion,0.0,neutro,twitter
General,0.0,neutro,twitter
Empleo,0.7579,positivo,twitter
Automatizacion,0.7579,positivo,twitter
Automatizacion,0.0,neutro,twitter
Futuro,0.0,neutro,twitter
Empleo,0.0,neutro,twitter
Automatizacion,0.0,neutro,twitter
Futuro,0.0,neutro,twitter
Etica,0.0,neutro,twitter
General,0.0,neutro,twitter
Empleo,0.5423,positivo,twitter
Economia,0.5423,positivo,twitter
Automatizacion,0.4767,positivo,twitter
Futuro,0.4767,positivo,twitter
Empleo,0.0,neutro,twitter
Futuro,0.0,neutro,twitter
General,0.0,neutro,twitter
General,0.128,positivo,twitter
Automatizacion,0.6597,positivo,twitter
Empleo,0.4215,positivo,twitter
Automatizacion,0.4215,positivo,twitter
Automatizacion,0.0,neutro,twitter
General,0.0,neutro,twitter
Automatizacion,0.4215,positivo,twitter
Empleo,0.4404,positivo,twitter
Automatizacion,0.4404,positivo,twitter
Empleo,0.0,neutro,twitter
Automatizacion,0.0,neutro,twitter
Automatizacion,0.5106,positivo,twitter
Futuro,-0.2732,negativo,twitter
Automatizacion,0.4588,positivo,twitter
Economia,0.6124,positivo,twitter
Automatizacion,0.4404,positivo,twitter
Productividad,0.4404,positivo,twitter
Automatizacion,-0.0258,neutro,twitter
Automatizacion,0.2732,positivo,twitter
Empleo,0.0,neutro,twitter
Automatizacion,0.0,neutro,twitter
Empleo,0.0,neutro,twitter
Automatizacion,0.0,neutro,twitter
Empleo,0.6369,positivo,twitter
Automatizacion,0.6369,positivo,twitter
Futuro,0.7506,positivo,twitter
Automatizacion,0.4019,positivo,twitter
Futuro,0.4019,positivo,twitter
General,0.0,neutro,twitter
Empleo,0.0,neutro,twitter
Automatizacion,0.0,neutro,twitter
Automatizacion,0.0,neutro,twitter
Automatizacion,0.5106,positivo,twitter
General,-0.296,negativo,twitter
Automatizacion,0.0,neutro,twitter
Futuro,0.0,neutro,twitter
Automatizacion,-0.09,negativo,twitter
General,0.7096,positivo,twitter
Automatizacion,0.0,neutro,twitter
Automatizacion,0.4404,positivo,twitter
General,0.0,neutro,twitter
Empleo,0.296,positivo,twitter
Automatizacion,0.296,positivo,twitter
Empleo,0.7717,positivo,twitter
Automatizacion,0.0,neutro,twitter
Empleo,0.0,neutro,twitter
Automatizacion,0.0,neutro,twitter
Automatizacion,-0.0516,negativo,twitter
General,0.0,neutro,twitter
General,-0.296,negativo,twitter
Automatizacion,0.5859,positivo,twitter
Empleo,0.0,neutro,twitter
Automatizacion,0.6808,positivo,twitter
Etica,0.6808,positivo,twitter
General,0.0,neutro,twitter
Empleo,0.0,neutro,twitter
Automatizacion,0.0,neutro,twitter
Economia,0.0,neutro,twitter
Futuro,0.8126,positivo,twitter
General,0.0,neutro,twitter
General,0.6705,positivo,twitter
Automatizacion,0.1808,positivo,twitter
Automatizacion,0.0,neutro,twitter
Automatizacion,0.0,neutro,twitter
General,0.5267,positivo,twitter
General,0.0,neutro,twitter
Automatizacion,0.0,neutro,twitter
Futuro,0.0,neutro,twitter
Economia,-0.4019,negativo,twitter
General,0.0,neutro,twitter
General,0.0,neutro,twitter
Automatizacion,0.4939,positivo,twitter
General,0.0,neutro,twitter
Automatizacion,0.0,neutro,twitter
Futuro,0.0,neutro,twitter
Automatizacion,-0.4939,negativo,twitter
Automatizacion,0.0,neutro,twitter
Empleo,0.0,neutro,twitter
Automatizacion,0.0,neutro,twitter
Futuro,0.0,neutro,twitter
Etica,0.0,neutro,twitter
Empleo,0.0,neutro,twitter
Automatizacion,0.0,neutro,twitter
Futuro,0.0,neutro,twitter
Automatizacion,0.5859,positivo,twitter
General,0.0,neutro,twitter
General,0.0,neutro,twitter
Automatizacion,0.6705,positivo,twitter
Productividad,0.6705,positivo,twitter
General,0.3818,positivo,twitter
Productividad,0.5267,positivo,twitter
Economia,0.5267,positivo,twitter
Automatizacion,0.0,neutro,twitter
Futuro,0.0,neutro,twitter
Automatizacion,0.5994,positivo,twitter
Productividad,0.5994,positivo,twitter
General,0.0,neutro,twitter
Automatizacion,0.0,neutro,twitter
Automatizacion,0.0,neutro,twitter
Automatizacion,0.9165,positivo,twitter
Automatizacion,0.4019,positivo,twitter
General,-0.7717,negativo,twitter
Automatizacion,0.0,neutro,twitter
Futuro,0.0,neutro,twitter
General,0.2023,positivo,twitter
Empleo,0.0,neutro,twitter
Automatizacion,0.0,neutro,twitter
Empleo,0.4019,positivo,twitter
Automatizacion,0.4019,positivo,twitter
Automatizacion,0.0,neutro,twitter
Futuro,0.4767,positivo,twitter
Economia,0.4767,positivo,twitter
Automatizacion,0.0,neutro,twitter
General,0.0,neutro,twitter
Empleo,0.0,neutro,twitter
Automatizacion,0.0,neutro,twitter
Empleo,0.0,neutro,twitter
Automatizacion,0.0,neutro,twitter
Automatizacion,0.0,neutro,twitter
Futuro,0.0,neutro,twitter
Automatizacion,0.0,neutro,twitter
Futuro,0.0,neutro,twitter
Empleo,0.0,neutro,twitter
Automatizacion,0.0,neutro,twitter
Futuro,0.0,neutro,twitter
Automatizacion,0.0,neutro,twitter
Futuro,0.0,neutro,twitter
Futuro,0.4767,positivo,twitter
Automatizacion,-0.0258,neutro,twitter
Automatizacion,0.34,positivo,twitter
General,0.34,positivo,twitter
Automatizacion,0.0,neutro,twitter
Automatizacion,0.5859,positivo,twitter
General,0.2263,positivo,twitter
Automatizacion,0.0,neutro,twitter
Automatizacion,0.0,neutro,twitter
Futuro,0.0,neutro,twitter
Empleo,0.0,neutro,twitter
Automatizacion,0.0,neutro,twitter
General,-0.3612,negativo,twitter
Economia,0.5106,positivo,twitter
Automatizacion,0.128,positivo,twitter
Empleo,0.0,neutro,twitter
Automatizacion,0.0,neutro,twitter
Etica,0.0,neutro,twitter
Automatizacion,0.0,neutro,twitter
Futuro,0.0,neutro,twitter
Empleo,0.0,neutro,twitter
Automatizacion,0.0,neutro,twitter
General,0.2023,positivo,twitter
Automatizacion,0.0,neutro,twitter
Automatizacion,0.0,neutro,twitter
Empleo,0.4404,positivo,twitter
Automatizacion,0.4404,positivo,twitter
Futuro,0.4404,positivo,twitter
Productividad,0.4404,positivo,twitter
Etica,0.4404,positivo,twitter
Productividad,0.6597,positivo,twitter
General,0.4215,positivo,twitter
Empleo,0.0,neutro,twitter
Automatizacion,0.0,neutro,twitter
Empleo,0.6369,positivo,twitter
Futuro,0.6369,positivo,twitter
General,0.296,positivo,twitter
Empleo,0.0,neutro,twitter
Automatizacion,0.0,neutro,twitter
Futuro,0.0,neutro,twitter
Etica,0.0,neutro,twitter
Automatizacion,0.0,neutro,twitter
General,0.3612,positivo,twitter
Automatizacion,0.0,neutro,twitter
Futuro,0.0,neutro,twitter
General,0.0,neutro,twitter
General,0.5859,positivo,twitter
Automatizacion,-0.2023,negativo,twitter
Futuro,-0.2023,negativo,twitter
Automatizacion,0.0,neutro,twitter
Futuro,0.0,neutro,twitter
Automatizacion,0.0,neutro,twitter
Futuro,0.0,neutro,twitter
Empleo,0.0,neutro,twitter
Automatizacion,0.0,neutro,twitter
Automatizacion,0.7096,positivo,twitter
Empleo,0.0,neutro,twitter
Automatizacion,0.0,neutro,twitter
General,0.0,neutro,twitter
Automatizacion,0.25,positivo,twitter
Futuro,0.25,positivo,twitter
Automatizacion,0.7351,positivo,twitter
Futuro,0.7351,positivo,twitter
Automatizacion,0.4754,positivo,twitter
General,0.25,positivo,twitter
Empleo,0.6597,positivo,twitter
Automatizacion,0.6597,positivo,twitter
General,0.0,neutro,twitter
Automatizacion,0.0,neutro,twitter
General,0.3612,positivo,twitter
Automatizacion,0.5023,positivo,twitter
Automatizacion,0.4215,positivo,twitter
Futuro,0.4215,positivo,twitter
Empleo,0.0,neutro,twitter
Futuro,0.0,neutro,twitter
Automatizacion,0.0,neutro,twitter
General,0.0,neutro,twitter
General,-0.296,negativo,twitter
Empleo,0.4404,positivo,twitter
Automatizacion,0.4404,positivo,twitter
General,0.0,neutro,twitter
Empleo,0.0,neutro,twitter
Automatizacion,0.0,neutro,twitter
Automatizacion,0.7964,positivo,twitter
Empleo,0.0,neutro,twitter
Automatizacion,0.0,neutro,twitter
Automatizacion,0.5106,positivo,twitter
Automatizacion,0.0,neutro,twitter
Futuro,0.0,neutro,twitter
General,0.6808,positivo,twitter
Automatizacion,0.1027,positivo,twitter
Empleo,0.765,positivo,twitter
Economia,0.765,positivo,twitter
Automatizacion,0.6597,positivo,twitter
General,0.3818,positivo,twitter
Automatizacion,0.6369,positivo,twitter
Automatizacion,0.0,neutro,twitter
Futuro,0.0,neutro,twitter
Automatizacion,0.3182,positivo,twitter
General,0.4019,positivo,twitter
Empleo,0.5859,positivo,twitter
Automatizacion,0.0,neutro,twitter
Automatizacion,-0.5994,negativo,twitter
Automatizacion,0.3818,positivo,twitter
General,0.4767,positivo,twitter
Empleo,0.0,neutro,twitter
Automatizacion,0.0,neutro,twitter
Automatizacion,0.3818,positivo,twitter
Automatizacion,0.4767,positivo,twitter
Etica,-0.3182,negativo,twitter
Automatizacion,0.0,neutro,twitter
Automatizacion,0.4404,positivo,twitter
Futuro,0.4404,positivo,twitter
Empleo,0.0,neutro,twitter
Automatizacion,0.0,neutro,twitter
Futuro,0.0,neutro,twitter
Automatizacion,0.7964,positivo,twitter
Automatizacion,0.4019,positivo,twitter
Automatizacion,0.0772,positivo,twitter
Empleo,0.0,neutro,twitter
Empleo,0.4588,positivo,twitter
Automatizacion,0.4588,positivo,twitter
Automatizacion,0.34,positivo,twitter
Automatizacion,0.0,neutro,twitter
Futuro,-0.296,negativo,twitter
General,0.7906,positivo,twitter
General,0.34,positivo,twitter
General,0.0,neutro,twitter
Empleo,0.0,neutro,twitter
Automatizacion,0.0,neutro,twitter
Automatizacion,-0.3182,negativo,twitter
Empleo,0.0,neutro,twitter
Automatizacion,0.0,neutro,twitter
Futuro,0.0,neutro,twitter
Empleo,0.6369,positivo,twitter
Automatizacion,0.6369,positivo,twitter
Automatizacion,-0.3182,negativo,twitter
General,0.4588,positivo,twitter
Automatizacion,0.8757,positivo,twitter
General,-0.7717,negativo,twitter
Empleo,0.25,positivo,twitter
Automatizacion,0.25,positivo,twitter
Empleo,-0.1027,negativo,twitter
Automatizacion,-0.1027,negativo,twitter
Futuro,-0.1027,negativo,twitter
Etica,-0.1027,negativo,twitter
Automatizacion,0.5719,positivo,twitter
Futuro,0.5719,positivo,twitter
Automatizacion,0.0,neutro,twitter
Futuro,0.0,neutro,twitter
General,0.2263,positivo,twitter
Automatizacion,0.0,neutro,twitter
Automatizacion,0.0,neutro,twitter
General,0.0,neutro,twitter
Automatizacion,0.4404,positivo,twitter
Productividad,0.4404,positivo,twitter
Empleo,0.4215,positivo,twitter
Automatizacion,0.4215,positivo,twitter
Empleo,0.0,neutro,twitter
Automatizacion,0.34,positivo,twitter
General,0.0,neutro,twitter
Automatizacion,0.6369,positivo,twitter
General,-0.4588,negativo,twitter
Automatizacion,0.0,neutro,twitter
Futuro,0.0,neutro,twitter
General,0.0,neutro,twitter
Automatizacion,0.9201,positivo,twitter
General,0.3612,positivo,twitter
General,0.4767,positivo,twitter
Automatizacion,0.4588,positivo,twitter
Automatizacion,0.4588,positivo,twitter
Futuro,0.4588,positivo,twitter
Automatizacion,0.6249,positivo,twitter
Automatizacion,-0.7351,negativo,twitter
Empleo,0.0,neutro,twitter
Automatizacion,0.0,neutro,twitter
Futuro,0.0,neutro,twitter
Economia,0.0,neutro,twitter
Automatizacion,0.4588,positivo,twitter
Empleo,0.4767,positivo,twitter
Automatizacion,0.4767,positivo,twitter
Automatizacion,0.7964,positivo,twitter
Automatizacion,0.9666,positivo,twitter
Automatizacion,0.6597,positivo,twitter
Automatizacion,0.0,neutro,twitter
Automatizacion,-0.5859,negativo,twitter
Automatizacion,0.0,neutro,twitter
General,0.25,positivo,twitter
Automatizacion,-0.3612,negativo,twitter
Empleo,0.7579,positivo,twitter
Automatizacion,0.7579,positivo,twitter
Automatizacion,0.0,neutro,twitter
General,-0.296,negativo,twitter
Automatizacion,0.6908,positivo,twitter
General,-0.0516,negativo,twitter
Automatizacion,0.6597,positivo,twitter
Automatizacion,0.7964,positivo,twitter
Automatizacion,0.0,neutro,twitter
General,-0.5994,negativo,twitter
Automatizacion,0.6249,positivo,twitter
Automatizacion,0.7845,positivo,twitter
Automatizacion,0.5106,positivo,twitter
Empleo,0.0,neutro,twitter
Automatizacion,0.0,neutro,twitter
Futuro,-0.0204,neutro,twitter
General,0.34,positivo,twitter
General,0.0,neutro,twitter
Empleo,0.0,neutro,twitter
Automatizacion,0.0,neutro,twitter
Futuro,0.0,neutro,twitter
Futuro,0.0,neutro,twitter
Automatizacion,0.0,neutro,twitter
Economia,0.0,neutro,twitter
Empleo,0.2023,positivo,twitter
Automatizacion,0.2023,positivo,twitter
Futuro,0.2023,positivo,twitter
Etica,0.2023,positivo,twitter
Automatizacion,0.3612,positivo,twitter
Futuro,0.3612,positivo,twitter
Productividad,0.3612,positivo,twitter
General,0.0,neutro,twitter
Empleo,0.3182,positivo,twitter
Empleo,0.2732,positivo,twitter
Automatizacion,0.2732,positivo,twitter
General,0.0,neutro,twitter
Empleo,0.6597,positivo,twitter
Automatizacion,0.6597,positivo,twitter
Empleo,0.4019,positivo,twitter
Automatizacion,0.4019,positivo,twitter
Empleo,0.2732,positivo,twitter
Automatizacion,0.2732,positivo,twitter
Empleo,0.6597,positivo,twitter
Automatizacion,0.6597,positivo,twitter
General,0.4767,positivo,twitter
Empleo,0.0,neutro,twitter
Automatizacion,0.0,neutro,twitter
Futuro,0.0,neutro,twitter
Automatizacion,0.0,neutro,twitter
Empleo,0.6705,positivo,twitter
General,0.4588,positivo,twitter
Automatizacion,-0.5574,negativo,twitter
Automatizacion,0.8481,positivo,twitter
Automatizacion,0.6808,positivo,twitter
Empleo,0.0,neutro,twitter
Automatizacion,0.0,neutro,twitter
Automatizacion,0.0,neutro,twitter
Etica,-0.2732,negativo,twitter
Automatizacion,0.3818,positivo,twitter
Futuro,0.3818,positivo,twitter
Automatizacion,-0.2732,negativo,twitter
Futuro,-0.2732,negativo,twitter
Futuro,0.2023,positivo,twitter
Automatizacion,0.3182,positivo,twitter
Automatizacion,0.2023,positivo,twitter
General,0.4404,positivo,twitter
Empleo,0.0,neutro,twitter
Automatizacion,0.0,neutro,twitter
Automatizacion,0.0,neutro,twitter
General,0.4767,positivo,twitter
General,0.0,neutro,twitter
Automatizacion,0.0,neutro,twitter
Automatizacion,0.0,neutro,twitter
Automatizacion,0.6597,positivo,twitter
Empleo,0.0,neutro,twitter
Automatizacion,0.0,neutro,twitter
Futuro,0.0,neutro,twitter
Etica,0.0,neutro,twitter
General,0.0,neutro,twitter
Empleo,0.7003,positivo,twitter
Automatizacion,0.7003,positivo,twitter
Automatizacion,0.2732,positivo,twitter
General,-0.3182,negativo,twitter
Automatizacion,0.0,neutro,twitter
Empleo,0.6597,positivo,twitter
Automatizacion,0.6597,positivo,twitter
Empleo,-0.296,negativo,twitter
Automatizacion,-0.296,negativo,twitter
Automatizacion,0.4404,positivo,twitter
Etica,0.4404,positivo,twitter
Automatizacion,0.5994,positivo,twitter
General,0.1027,positivo,twitter
Automatizacion,0.0,neutro,twitter
Futuro,0.0,neutro,twitter
General,0.6249,positivo,twitter
Automatizacion,0.3818,positivo,twitter
Empleo,0.6249,positivo,twitter
Automatizacion,0.6249,positivo,twitter
Futuro,0.6249,positivo,twitter
Etica,0.6249,positivo,twitter
General,0.0,neutro,twitter
General,0.0,neutro,twitter
General,0.0,neutro,twitter
Empleo,-0.3612,negativo,twitter
Automatizacion,-0.3612,negativo,twitter
Futuro,-0.3612,negativo,twitter
Etica,-0.3612,negativo,twitter
Futuro,0.3818,positivo,twitter
Automatizacion,0.0,neutro,twitter
Automatizacion,0.1779,positivo,twitter
Automatizacion,0.6597,positivo,twitter
Automatizacion,0.0,neutro,twitter
Futuro,0.0,neutro,twitter
Automatizacion,0.6597,positivo,twitter
Futuro,0.4404,positivo,twitter
Automatizacion,0.6908,positivo,twitter
Futuro,0.6908,positivo,twitter
Productividad,0.6908,positivo,twitter
General,0.0,neutro,twitter
Empleo,-0.2732,negativo,twitter
Automatizacion,-0.2732,negativo,twitter
Empleo,0.0,neutro,twitter
Automatizacion,0.0,neutro,twitter
Automatizacion,0.0,neutro,twitter
Futuro,0.0,neutro,twitter
Empleo,0.4019,positivo,twitter
Automatizacion,0.3818,positivo,twitter
Futuro,0.3818,positivo,twitter
Automatizacion,0.0,neutro,twitter
Futuro,0.0,neutro,twitter
General,0.0,neutro,twitter
Automatizacion,0.0,neutro,twitter
Automatizacion,0.6597,positivo,twitter
Automatizacion,0.6597,positivo,twitter
Futuro,0.7269,positivo,twitter
Productividad,0.7269,positivo,twitter
General,0.6369,positivo,twitter
Automatizacion,0.8885,positivo,twitter
General,0.0,neutro,twitter
Empleo,0.0,neutro,twitter
Automatizacion,0.0,neutro,twitter
General,0.0,neutro,twitter
Empleo,-0.34,negativo,twitter
Automatizacion,-0.34,negativo,twitter
General,0.0,neutro,twitter
General,0.0772,positivo,twitter
Empleo,0.0,neutro,twitter
Automatizacion,0.0,neutro,twitter
Futuro,0.0,neutro,twitter
Etica,0.0,neutro,twitter
Automatizacion,0.0,neutro,twitter
Futuro,0.6808,positivo,twitter
Empleo,0.0,neutro,twitter
Automatizacion,0.0,neutro,twitter
Automatizacion,0.7184,positivo,twitter
Automatizacion,0.34,positivo,twitter
Automatizacion,0.1027,positivo,twitter
Empleo,0.4019,positivo,twitter
Automatizacion,0.0,neutro,twitter
Automatizacion,0.3818,positivo,twitter
General,0.0,neutro,twitter
General,0.0,neutro,twitter
Automatizacion,0.0,neutro,twitter
Automatizacion,0.0,neutro,twitter
Automatizacion,0.0,neutro,twitter
Empleo,0.3612,positivo,twitter
Automatizacion,0.3612,positivo,twitter
Futuro,0.3612,positivo,twitter
Etica,0.3612,positivo,twitter
General,0.4404,positivo,twitter
Automatizacion,0.6705,positivo,twitter
Etica,0.6705,positivo,twitter
Automatizacion,0.0,neutro,twitter
Automatizacion,-0.296,negativo,twitter
Empleo,0.4588,positivo,twitter
Automatizacion,0.4588,positivo,twitter
Empleo,0.0,neutro,twitter
Automatizacion,0.0,neutro,twitter
Automatizacion,0.2732,positivo,twitter
Productividad,0.3818,positivo,twitter
Empleo,0.4215,positivo,twitter
Automatizacion,0.4215,positivo,twitter
Automatizacion,0.25,positivo,twitter
Automatizacion,0.6369,positivo,twitter
Automatizacion,-0.5859,negativo,twitter
Automatizacion,0.0,neutro,twitter
Automatizacion,0.0,neutro,twitter
Futuro,0.0,neutro,twitter
Empleo,0.4588,positivo,twitter
Automatizacion,0.4588,positivo,twitter
Economia,0.4588,positivo,twitter
Automatizacion,0.7096,positivo,twitter
Automatizacion,0.4404,positivo,twitter
Etica,0.4404,positivo,twitter
Automatizacion,0.2732,positivo,twitter
Futuro,0.2732,positivo,twitter
Empleo,0.8176,positivo,twitter
Automatizacion,0.8176,positivo,twitter
Empleo,0.0,neutro,twitter
Automatizacion,0.0,neutro,twitter
Futuro,0.0,neutro,twitter
Etica,0.0,neutro,twitter
General,0.7003,positivo,twitter
Empleo,0.765,positivo,twitter
Economia,0.765,positivo,twitter
Automatizacion,0.4019,positivo,twitter
Automatizacion,0.3818,positivo,twitter
General,0.0,neutro,twitter
Automatizacion,0.0,neutro,twitter
Futuro,0.0,neutro,twitter
Automatizacion,0.0,neutro,twitter
Futuro,0.0,neutro,twitter
Automatizacion,0.3182,positivo,twitter
Automatizacion,0.802,positivo,twitter
Etica,0.802,positivo,twitter
Empleo,0.0,neutro,twitter
Automatizacion,0.0,neutro,twitter
Futuro,0.0,neutro,twitter
Empleo,0.0,neutro,twitter
Automatizacion,0.0,neutro,twitter
General,0.0,neutro,twitter
General,0.0,neutro,twitter
Automatizacion,0.0,neutro,twitter
Empleo,0.4404,positivo,twitter
Automatizacion,0.4404,positivo,twitter
Empleo,0.4019,positivo,twitter
Automatizacion,0.4019,positivo,twitter
Automatizacion,-0.296,negativo,twitter
Automatizacion,0.5106,positivo,twitter
Automatizacion,0.3818,positivo,twitter
Automatizacion,0.0,neutro,twitter
Futuro,0.0,neutro,twitter
Empleo,0.6597,positivo,twitter
Automatizacion,0.6597,positivo,twitter
Etica,0.6597,positivo,twitter
Automatizacion,0.4767,positivo,twitter
Futuro,0.4767,positivo,twitter
Automatizacion,0.3327,positivo,twitter
Automatizacion,0.8126,positivo,twitter
General,0.0,neutro,twitter
General,0.0,neutro,twitter
Empleo,0.3182,positivo,twitter
Productividad,0.3182,positivo,twitter
Automatizacion,-0.34,negativo,twitter
Empleo,0.25,positivo,twitter
Automatizacion,0.25,positivo,twitter
Automatizacion,0.6808,positivo,twitter
Empleo,0.5859,positivo,twitter
Automatizacion,0.5859,positivo,twitter
Automatizacion,0.3182,positivo,twitter
Etica,0.3182,positivo,twitter
Automatizacion,0.3612,positivo,twitter
Futuro,0.3612,positivo,twitter
Automatizacion,0.0,neutro,twitter
General,0.8934,positivo,twitter
Automatizacion,0.0,neutro,twitter
Automatizacion,0.3182,positivo,twitter
Futuro,0.3182,positivo,twitter
General,0.4588,positivo,twitter
General,0.4767,positivo,twitter
Automatizacion,0.0,neutro,twitter
Empleo,0.0,neutro,twitter
Automatizacion,0.0,neutro,twitter
Automatizacion,0.0,neutro,twitter
Automatizacion,0.3818,positivo,twitter
Automatizacion,0.0,neutro,twitter
General,0.1027,positivo,twitter
Automatizacion,-0.7269,negativo,twitter
Futuro,-0.7269,negativo,twitter
Futuro,0.7351,positivo,twitter
Automatizacion,0.3818,positivo,twitter
Economia,0.3818,positivo,twitter
Automatizacion,0.6369,positivo,twitter
Automatizacion,0.6597,positivo,twitter
Empleo,0.7003,positivo,twitter
Automatizacion,0.7003,positivo,twitter
General,0.4019,positivo,twitter
Automatizacion,0.5719,positivo,twitter
Empleo,0.0,neutro,twitter
Automatizacion,0.0,neutro,twitter
Automatizacion,0.0,neutro,twitter
Futuro,0.0,neutro,twitter
Empleo,0.4404,positivo,twitter
Automatizacion,0.4404,positivo,twitter
Productividad,0.4404,positivo,twitter
Automatizacion,0.0,neutro,twitter
Empleo,0.3818,positivo,twitter
Automatizacion,0.3818,positivo,twitter
Futuro,0.3818,positivo,twitter
Etica,0.3818,positivo,twitter
General,0.0,neutro,twitter
General,0.4019,positivo,twitter
Automatizacion,-0.3182,negativo,twitter
General,0.4588,positivo,twitter
Automatizacion,-0.4588,negativo,twitter
General,0.0,neutro,twitter
Automatizacion,0.5106,positivo,twitter
General,0.6597,positivo,twitter
General,0.4019,positivo,twitter
Automatizacion,0.0,neutro,twitter
Automatizacion,0.4215,positivo,twitter
Futuro,0.4215,positivo,twitter
General,0.0,neutro,twitter
Empleo,0.4404,positivo,twitter
Automatizacion,0.4404,positivo,twitter
Automatizacion,0.0,neutro,twitter
Futuro,0.0,neutro,twitter
General,0.4767,positivo,twitter
Automatizacion,-0.7579,negativo,twitter
Empleo,0.5267,positivo,twitter
Automatizacion,0.5267,positivo,twitter
Automatizacion,0.3182,positivo,twitter
General,0.5859,positivo,twitter
Automatizacion,0.0,neutro,twitter
General,0.4767,positivo,twitter
Automatizacion,0.3818,positivo,twitter
Automatizacion,0.0,neutro,twitter
Futuro,0.0,neutro,twitter
General,0.0,neutro,twitter
Automatizacion,0.2023,positivo,twitter
Automatizacion,0.0,neutro,twitter
Empleo,0.3818,positivo,twitter
Empleo,0.0,neutro,twitter
Automatizacion,0.0,neutro,twitter
General,0.5859,positivo,twitter
Automatizacion,0.4588,positivo,twitter
Automatizacion,-0.5267,negativo,twitter
General,0.0,neutro,twitter
Empleo,0.4019,positivo,twitter
Automatizacion,0.4019,positivo,twitter
Etica,0.0258,neutro,twitter
Productividad,0.8934,positivo,twitter
Automatizacion,0.4767,positivo,twitter
Futuro,0.4767,positivo,twitter
General,0.6808,positivo,twitter
General,0.4215,positivo,twitter
Automatizacion,0.0,neutro,twitter
Automatizacion,0.0,neutro,twitter
Automatizacion,0.4767,positivo,twitter
Etica,0.4767,positivo,twitter
Economia,0.6369,positivo,twitter
Empleo,0.6249,positivo,twitter
Automatizacion,0.6249,positivo,twitter
Automatizacion,0.3612,positivo,twitter
General,0.0,neutro,twitter
General,0.0,neutro,twitter
Automatizacion,0.4767,positivo,twitter
Automatizacion,0.4767,positivo,twitter
Empleo,0.0,neutro,twitter
Automatizacion,0.0,neutro,twitter
Automatizacion,0.3818,positivo,twitter
General,0.0,neutro,twitter
Automatizacion,0.4404,positivo,twitter
Automatizacion,0.0,neutro,twitter
Futuro,0.0,neutro,twitter
Automatizacion,0.0,neutro,twitter
Automatizacion,0.0,neutro,twitter
Productividad,0.0,neutro,twitter
Automatizacion,0.4767,positivo,twitter
Etica,0.4767,positivo,twitter
Automatizacion,0.0,neutro,twitter
General,0.0,neutro,twitter
Automatizacion,-0.4404,negativo,twitter
Futuro,0.2263,positivo,twitter
Automatizacion,0.0,neutro,twitter
Futuro,0.0,neutro,twitter
Automatizacion,0.2732,positivo,twitter
Futuro,0.2732,positivo,twitter
Empleo,0.0,neutro,twitter
Automatizacion,0.0,neutro,twitter
Futuro,0.0,neutro,twitter
Automatizacion,0.749,positivo,twitter
Automatizacion,0.7073,positivo,twitter
Empleo,0.0,neutro,twitter
Automatizacion,0.0,neutro,twitter
Automatizacion,0.0,neutro,twitter
General,0.0,neutro,twitter
General,0.3818,positivo,twitter
General,0.0,neutro,twitter
Automatizacion,0.7579,positivo,twitter
Automatizacion,0.0,neutro,twitter
Futuro,0.0,neutro,twitter
Automatizacion,0.0,neutro,twitter
Futuro,0.0,neutro,twitter
General,-0.5423,negativo,twitter
Automatizacion,0.4404,positivo,twitter
Automatizacion,-0.3612,negativo,twitter
Automatizacion,0.0,neutro,twitter
Automatizacion,0.3612,positivo,twitter
Futuro,0.3612,positivo,twitter
General,0.0772,positivo,twitter
Automatizacion,0.0,neutro,twitter
Productividad,0.5994,positivo,twitter
Economia,0.5994,positivo,twitter
Automatizacion,0.0,neutro,twitter
General,0.743,positivo,twitter
General,0.9062,positivo,twitter
Automatizacion,0.6597,positivo,twitter
General,0.3818,positivo,twitter
Automatizacion,0.0,neutro,twitter
Automatizacion,0.0,neutro,twitter
Futuro,0.0,neutro,twitter
Automatizacion,0.0,neutro,twitter
Empleo,0.0,neutro,twitter
Automatizacion,0.0,neutro,twitter
Futuro,0.6597,positivo,twitter
Productividad,0.6597,positivo,twitter
General,-0.1027,negativo,twitter
Etica,0.5984,positivo,twitter
Automatizacion,0.6597,positivo,twitter
General,0.0,neutro,twitter
Automatizacion,0.9042,positivo,twitter
Automatizacion,0.0,neutro,twitter
Empleo,0.0,neutro,twitter
Automatizacion,0.0,neutro,twitter
Automatizacion,0.5994,positivo,twitter
Automatizacion,0.8807,positivo,twitter
Etica,0.8807,positivo,twitter
Automatizacion,0.4019,positivo,twitter
Automatizacion,0.0,neutro,twitter
Empleo,0.0,neutro,twitter
Automatizacion,0.0,neutro,twitter
Empleo,0.8316,positivo,twitter
Automatizacion,0.8316,positivo,twitter
Automatizacion,0.2023,positivo,twitter
Futuro,0.0,neutro,twitter
General,0.0,neutro,twitter
Automatizacion,0.3818,positivo,twitter
General,0.25,positivo,twitter
Automatizacion,0.0,neutro,twitter
Futuro,0.0,neutro,twitter
Automatizacion,0.0,neutro,twitter
Futuro,0.0,neutro,twitter
General,0.4404,positivo,twitter
General,0.0258,neutro,twitter
General,0.3818,positivo,twitter
Automatizacion,0.6808,positivo,twitter
General,-0.6486,negativo,twitter
Automatizacion,0.0,neutro,twitter
Futuro,0.0,neutro,twitter
Empleo,0.0,neutro,twitter
Automatizacion,0.0,neutro,twitter
Economia,0.3818,positivo,twitter
Empleo,0.4215,positivo,twitter
Economia,0.4215,positivo,twitter
General,0.4215,positivo,twitter
Automatizacion,0.0772,positivo,twitter
General,0.2023,positivo,twitter
General,0.0,neutro,twitter
Empleo,0.2732,positivo,twitter
Empleo,0.0,neutro,twitter
Automatizacion,0.0,neutro,twitter
Automatizacion,0.0,neutro,twitter
Futuro,0.0,neutro,twitter
Automatizacion,0.0,neutro,twitter
Futuro,0.0,neutro,twitter
Automatizacion,0.4404,positivo,twitter
Economia,0.4404,positivo,twitter
Economia,0.3182,positivo,twitter
Automatizacion,0.0,neutro,twitter
Automatizacion,0.4404,positivo,twitter
Futuro,0.4404,positivo,twitter
Automatizacion,0.4767,positivo,twitter
Automatizacion,0.0,neutro,twitter
Futuro,0.0,neutro,twitter
General,0.6249,positivo,twitter
General,0.0,neutro,twitter
Automatizacion,0.5719,positivo,twitter
Futuro,0.5719,positivo,twitter
Automatizacion,0.0,neutro,twitter
Futuro,0.0,neutro,twitter
Empleo,0.0,neutro,twitter
Automatizacion,0.0,neutro,twitter
Automatizacion,0.4019,positivo,twitter
Automatizacion,0.1779,positivo,twitter
Futuro,0.1779,positivo,twitter
Automatizacion,0.0,neutro,twitter
General,0.5423,positivo,twitter
Empleo,0.0,neutro,twitter
Automatizacion,0.0,neutro,twitter
Empleo,0.2023,positivo,twitter
Automatizacion,0.2023,positivo,twitter
Empleo,0.4215,positivo,twitter
Automatizacion,0.4215,positivo,twitter
Economia,0.4215,positivo,twitter
Automatizacion,0.3818,positivo,twitter
Automatizacion,0.0,neutro,twitter
Automatizacion,0.0,neutro,twitter
Automatizacion,0.0,neutro,twitter
Automatizacion,0.0,neutro,twitter
Empleo,0.7003,positivo,twitter
Automatizacion,0.7003,positivo,twitter
General,-0.0258,neutro,twitter
Automatizacion,0.1139,positivo,twitter
General,0.3818,positivo,twitter
Automatizacion,0.0,neutro,twitter
Futuro,0.0,neutro,twitter
Automatizacion,0.3818,positivo,twitter
Futuro,0.3818,positivo,twitter
General,0.5129,positivo,twitter
Empleo,0.0,neutro,twitter
Automatizacion,0.0,neutro,twitter
Automatizacion,0.0,neutro,twitter
Automatizacion,0.0,neutro,twitter
Empleo,0.9313,positivo,twitter
Empleo,0.0,neutro,twitter
Automatizacion,0.0,neutro,twitter
General,0.2732,positivo,twitter
Automatizacion,0.0,neutro,twitter
Futuro,0.0,neutro,twitter
Empleo,0.0,neutro,twitter
Automatizacion,0.0,neutro,twitter
Productividad,0.4588,positivo,twitter
General,-0.3718,negativo,twitter
Futuro,0.8689,positivo,twitter
Productividad,0.8689,positivo,twitter
Empleo,0.7003,positivo,twitter
Automatizacion,0.7003,positivo,twitter
General,0.4404,positivo,twitter
Automatizacion,0.4767,positivo,twitter
General,-0.296,negativo,twitter
Economia,0.6249,positivo,twitter
Automatizacion,0.0772,positivo,twitter
Futuro,0.0772,positivo,twitter
Empleo,-0.47,negativo,twitter
Automatizacion,0.25,positivo,twitter
Automatizacion,0.4588,positivo,twitter
Automatizacion,0.0,neutro,twitter
Empleo,0.7096,positivo,twitter
Automatizacion,0.7096,positivo,twitter
Automatizacion,0.8176,positivo,twitter
Futuro,0.8176,positivo,twitter
Empleo,0.6597,positivo,twitter
Automatizacion,0.8271,positivo,twitter
Futuro,0.8271,positivo,twitter
Empleo,0.6124,positivo,twitter
General,0.0,neutro,twitter
Automatizacion,0.0,neutro,twitter
Futuro,0.0,neutro,twitter
Automatizacion,0.0,neutro,twitter
General,0.5574,positivo,twitter
Automatizacion,0.0,neutro,twitter
Futuro,0.0,neutro,twitter
General,0.0,neutro,twitter
Automatizacion,0.0,neutro,twitter
Etica,0.0,neutro,twitter
Empleo,0.0,neutro,twitter
Automatizacion,0.0,neutro,twitter
Futuro,0.0,neutro,twitter
Automatizacion,0.3182,positivo,twitter
Productividad,0.4588,positivo,twitter
General,-0.1779,negativo,twitter
General,0.8225,positivo,twitter
Empleo,-0.2023,negativo,twitter
General,-0.4767,negativo,twitter
Automatizacion,0.1779,positivo,twitter
Automatizacion,0.2023,positivo,twitter
Automatizacion,0.0,neutro,twitter
Etica,0.0,neutro,twitter
General,0.3182,positivo,twitter
Automatizacion,0.743,positivo,twitter
Empleo,0.0,neutro,twitter
Automatizacion,0.0,neutro,twitter
Empleo,0.0,neutro,twitter
Automatizacion,0.0,neutro,twitter
Automatizacion,0.0,neutro,twitter
Futuro,0.0,neutro,twitter
Automatizacion,0.34,positivo,twitter
Automatizacion,0.6597,positivo,twitter
Automatizacion,0.25,positivo,twitter
General,0.3182,positivo,twitter
Automatizacion,0.7003,positivo,twitter
Productividad,0.7003,positivo,twitter
Automatizacion,0.0,neutro,twitter
General,0.0,neutro,twitter
Automatizacion,0.2023,positivo,twitter
Futuro,0.2023,positivo,twitter
Futuro,-0.296,negativo,twitter
Automatizacion,0.4215,positivo,twitter
Futuro,0.4215,positivo,twitter
General,0.0,neutro,twitter
Etica,0.9186,positivo,twitter
Economia,0.9186,positivo,twitter
General,0.1779,positivo,twitter
Empleo,0.6369,positivo,twitter
Automatizacion,0.6369,positivo,twitter
General,0.0,neutro,twitter
Automatizacion,0.0,neutro,twitter
Futuro,0.7351,positivo,twitter
Automatizacion,0.34,positivo,twitter
Automatizacion,0.0,neutro,twitter
Economia,0.0,neutro,twitter
Empleo,0.0,neutro,twitter
Automatizacion,0.0,neutro,twitter
Futuro,0.0,neutro,twitter
Etica,0.0,neutro,twitter
Empleo,0.0,neutro,twitter
Automatizacion,0.0,neutro,twitter
General,0.4404,positivo,twitter
General,0.7579,positivo,twitter
General,0.0,neutro,twitter
Empleo,0.6705,positivo,twitter
General,-0.5267,negativo,twitter
Automatizacion,0.0,neutro,twitter
Automatizacion,-0.4404,negativo,twitter
Automatizacion,0.0,neutro,twitter
Automatizacion,0.0,neutro,twitter
General,0.25,positivo,twitter
Empleo,0.6369,positivo,twitter
Empleo,0.0,neutro,twitter
Automatizacion,0.0,neutro,twitter
Empleo,0.0772,positivo,twitter
Automatizacion,0.0772,positivo,twitter
Automatizacion,0.0,neutro,twitter
Empleo,0.0,neutro,twitter
Automatizacion,0.0,neutro,twitter
Futuro,0.0,neutro,twitter
Automatizacion,0.0,neutro,twitter
Productividad,0.4588,positivo,twitter
Empleo,0.25,positivo,twitter
Futuro,0.25,positivo,twitter
Automatizacion,0.0,neutro,twitter
Automatizacion,0.802,positivo,twitter
Productividad,0.802,positivo,twitter
Empleo,0.7783,positivo,twitter
Automatizacion,0.7783,positivo,twitter
General,0.4588,positivo,twitter
Empleo,0.3818,positivo,twitter
Futuro,0.3818,positivo,twitter
Economia,0.3818,positivo,twitter
Automatizacion,-0.6597,negativo,twitter
Automatizacion,0.0,neutro,twitter
Futuro,0.0,neutro,twitter
General,0.0,neutro,twitter
Automatizacion,-0.2732,negativo,twitter
Automatizacion,0.4404,positivo,twitter
Automatizacion,0.0,neutro,twitter
Empleo,0.0,neutro,twitter
Automatizacion,0.0,neutro,twitter
Automatizacion,0.5859,positivo,twitter
Futuro,0.5859,positivo,twitter
Empleo,0.0,neutro,twitter
Automatizacion,0.0,neutro,twitter
Futuro,0.0,neutro,twitter
Etica,0.4215,positivo,twitter
Empleo,0.0,neutro,twitter
Automatizacion,0.0,neutro,twitter
Automatizacion,0.34,positivo,twitter
Automatizacion,0.6249,positivo,twitter
Futuro,0.6249,positivo,twitter
Empleo,0.4404,positivo,twitter
Automatizacion,0.4404,positivo,twitter
Futuro,0.4404,positivo,twitter
Automatizacion,0.0,neutro,twitter
Economia,0.0,neutro,twitter
Automatizacion,-0.6486,negativo,twitter
Automatizacion,0.0,neutro,twitter
Futuro,0.0,neutro,twitter
Automatizacion,0.7003,positivo,twitter
Automatizacion,0.6808,positivo,twitter
Productividad,0.6808,positivo,twitter
Automatizacion,0.0,neutro,twitter
Futuro,0.0,neutro,twitter
Automatizacion,0.2732,positivo,twitter
Automatizacion,0.5859,positivo,twitter
Automatizacion,0.6705,positivo,twitter
Automatizacion,0.886,positivo,twitter
Empleo,0.0,neutro,twitter
Automatizacion,0.0,neutro,twitter
Automatizacion,0.0,neutro,twitter
Automatizacion,0.0,neutro,twitter
Automatizacion,0.5859,positivo,twitter
Futuro,0.5859,positivo,twitter
General,0.2023,positivo,twitter
Automatizacion,0.0,neutro,twitter
Automatizacion,0.6808,positivo,twitter
General,0.0,neutro,twitter
Empleo,0.3818,positivo,twitter
Automatizacion,0.3818,positivo,twitter
Futuro,0.3818,positivo,twitter
Productividad,0.3818,positivo,twitter
Automatizacion,0.0,neutro,twitter
Futuro,0.0,neutro,twitter
Automatizacion,-0.3291,negativo,twitter
Automatizacion,0.4019,positivo,twitter
General,0.0,neutro,twitter
Automatizacion,0.5994,positivo,twitter
Empleo,0.0,neutro,twitter
Automatizacion,0.0,neutro,twitter
Automatizacion,0.25,positivo,twitter
Etica,0.25,positivo,twitter
General,0.0,neutro,twitter
Automatizacion,0.0,neutro,twitter
Automatizacion,0.0,neutro,twitter
Automatizacion,0.0,neutro,twitter
General,0.3818,positivo,twitter
Automatizacion,0.0,neutro,twitter
Automatizacion,0.0,neutro,twitter
Automatizacion,0.7845,positivo,twitter
Etica,0.7845,positivo,twitter
Automatizacion,0.4767,positivo,twitter
Etica,0.4767,positivo,twitter
General,0.7184,positivo,twitter
Automatizacion,0.0,neutro,twitter
Automatizacion,0.0,neutro,twitter
General,0.0,neutro,twitter
Automatizacion,0.9403,positivo,twitter
Productividad,0.9403,positivo,twitter
Automatizacion,-0.2732,negativo,twitter
General,0.0,neutro,twitter
General,0.8271,positivo,twitter
Automatizacion,0.5574,positivo,twitter
Automatizacion,0.6369,positivo,twitter
General,0.6369,positivo,twitter
Empleo,0.4215,positivo,twitter
Automatizacion,0.4215,positivo,twitter
Empleo,0.0,neutro,twitter
Automatizacion,0.0,neutro,twitter
Futuro,0.0,neutro,twitter
Etica,0.0,neutro,twitter
General,0.0,neutro,twitter
General,0.9042,positivo,twitter
General,0.0,neutro,twitter
General,0.8932,positivo,twitter
Empleo,0.0,neutro,twitter
Automatizacion,0.0,neutro,twitter
General,0.3612,positivo,twitter
Automatizacion,0.0,neutro,twitter
Futuro,0.0,neutro,twitter
General,0.7351,positivo,twitter
Etica,0.7351,positivo,twitter
Automatizacion,0.0,neutro,twitter
Automatizacion,0.4404,positivo,twitter
Automatizacion,0.0,neutro,twitter
Automatizacion,0.2732,positivo,twitter
Automatizacion,0.0,neutro,twitter
Futuro,0.0,neutro,twitter
Automatizacion,0.3612,positivo,twitter
Etica,0.3612,positivo,twitter
Automatizacion,0.0,neutro,twitter
General,0.7845,positivo,twitter
General,-0.7717,negativo,twitter
General,0.3612,positivo,twitter
Empleo,0.0,neutro,twitter
Automatizacion,0.0,neutro,twitter
Futuro,0.4588,positivo,twitter
Automatizacion,0.7351,positivo,twitter
Empleo,0.7003,positivo,twitter
Automatizacion,0.7003,positivo,twitter
General,0.0,neutro,twitter
Automatizacion,0.6369,positivo,twitter
General,0.25,positivo,twitter
Futuro,0.0,neutro,twitter
Futuro,0.8126,positivo,twitter
General,0.0772,positivo,twitter
Futuro,0.0,neutro,twitter
Automatizacion,0.0,neutro,twitter
Automatizacion,0.4404,positivo,twitter
Automatizacion,0.0,neutro,twitter
General,-0.3597,negativo,twitter
Empleo,0.0,neutro,twitter
Automatizacion,0.0,neutro,twitter
Economia,0.0,neutro,twitter
General,0.0,neutro,twitter
General,0.0,neutro,twitter
Automatizacion,0.4588,positivo,twitter
Automatizacion,0.0,neutro,twitter
Automatizacion,-0.6124,negativo,twitter
Futuro,-0.6124,negativo,twitter
Automatizacion,0.6486,positivo,twitter
Empleo,0.0,neutro,twitter
Automatizacion,0.0,neutro,twitter
Futuro,0.0,neutro,twitter
Etica,0.0,neutro,twitter
Futuro,0.4767,positivo,twitter
Etica,0.4767,positivo,twitter
Automatizacion,0.6369,positivo,twitter
General,0.0,neutro,twitter
Automatizacion,0.4588,positivo,twitter
Automatizacion,0.0,neutro,twitter
Automatizacion,-0.6369,negativo,twitter
Futuro,-0.6369,negativo,twitter
General,0.7351,positivo,twitter
Automatizacion,0.25,positivo,twitter
General,0.0,neutro,twitter
Economia,0.9412,positivo,twitter
Empleo,0.25,positivo,twitter
Futuro,0.0,neutro,twitter
Automatizacion,-0.4767,negativo,twitter
General,0.2732,positivo,twitter
Futuro,0.0516,positivo,twitter
Automatizacion,0.0,neutro,twitter
Automatizacion,0.5106,positivo,twitter
Automatizacion,0.0,neutro,twitter
Futuro,0.0,neutro,twitter
Etica,-0.4019,negativo,twitter
Empleo,0.0,neutro,twitter
General,0.4767,positivo,twitter
Automatizacion,0.0,neutro,twitter
Automatizacion,0.0,neutro,twitter
Etica,0.0,neutro,twitter
Automatizacion,0.4767,positivo,twitter
General,-0.296,negativo,twitter
Automatizacion,0.0,neutro,twitter
Automatizacion,0.3818,positivo,twitter
Automatizacion,0.4588,positivo,twitter
General,0.0,neutro,twitter
Automatizacion,0.4404,positivo,twitter
Automatizacion,0.4019,positivo,twitter
Futuro,0.4019,positivo,twitter
Empleo,0.3818,positivo,twitter
Automatizacion,0.3818,positivo,twitter
Automatizacion,0.3612,positivo,twitter
Empleo,0.4588,positivo,twitter
Automatizacion,0.4588,positivo,twitter
Automatizacion,0.2263,positivo,twitter
Futuro,0.2263,positivo,twitter
General,0.7845,positivo,twitter
Automatizacion,0.0,neutro,twitter
Automatizacion,0.3818,positivo,twitter
Automatizacion,0.0,neutro,twitter
Automatizacion,0.0,neutro,twitter
Empleo,0.0,neutro,twitter
Automatizacion,0.0,neutro,twitter
Automatizacion,0.0,neutro,twitter
General,0.5719,positivo,twitter
Automatizacion,0.0,neutro,twitter
Automatizacion,0.2023,positivo,twitter
Empleo,0.0,neutro,twitter
Automatizacion,0.0,neutro,twitter
Automatizacion,0.5719,positivo,twitter
Automatizacion,0.4215,positivo,twitter
Futuro,0.4215,positivo,twitter
General,0.0516,positivo,twitter
Automatizacion,0.0,neutro,twitter
Automatizacion,0.8126,positivo,twitter
Automatizacion,0.3182,positivo,twitter
General,0.4588,positivo,twitter
Automatizacion,0.0,neutro,twitter
Empleo,0.34,positivo,twitter
Automatizacion,0.34,positivo,twitter
Empleo,0.5574,positivo,twitter
General,0.3818,positivo,twitter
Automatizacion,0.1139,positivo,twitter
Automatizacion,0.0,neutro,twitter
Futuro,0.0,neutro,twitter
Automatizacion,-0.4588,negativo,twitter
Automatizacion,0.0,neutro,twitter
Productividad,0.0,neutro,twitter
Economia,0.0,neutro,twitter
Empleo,0.0,neutro,twitter
Automatizacion,0.0,neutro,twitter
Automatizacion,0.2732,positivo,twitter
Automatizacion,0.2732,positivo,twitter
Automatizacion,0.0,neutro,twitter
Automatizacion,-0.3612,negativo,twitter
Futuro,0.0,neutro,twitter
Automatizacion,0.1531,positivo,twitter
Automatizacion,0.0772,positivo,twitter
Automatizacion,-0.0516,negativo,twitter
Futuro,-0.0516,negativo,twitter
Automatizacion,-0.3182,negativo,twitter
Automatizacion,0.0,neutro,twitter
General,0.0,neutro,twitter
Automatizacion,0.0,neutro,twitter
Futuro,0.0,neutro,twitter
Automatizacion,0.0,neutro,twitter
General,0.0,neutro,twitter
Automatizacion,0.0,neutro,twitter
Automatizacion,0.3612,positivo,twitter
General,-0.296,negativo,twitter
General,0.4019,positivo,twitter
Automatizacion,0.0,neutro,twitter
Futuro,0.0,neutro,twitter
General,0.0,neutro,twitter
Automatizacion,-0.3412,negativo,twitter
Empleo,0.5994,positivo,twitter
Automatizacion,0.5994,positivo,twitter
Empleo,-0.284,negativo,twitter
Automatizacion,0.7184,positivo,twitter
Automatizacion,0.4404,positivo,twitter
General,0.0,neutro,twitter
Automatizacion,-0.0258,neutro,twitter
Etica,-0.0258,neutro,twitter
General,0.4019,positivo,twitter
Automatizacion,0.0,neutro,twitter
Empleo,0.1139,positivo,twitter
Automatizacion,0.1139,positivo,twitter
Automatizacion,-0.34,negativo,twitter
General,-0.3612,negativo,twitter
Empleo,0.8481,positivo,twitter
Empleo,0.2023,positivo,twitter
Automatizacion,0.2023,positivo,twitter
Futuro,0.2023,positivo,twitter
Etica,0.2023,positivo,twitter
Automatizacion,0.6808,positivo,twitter
General,0.4459,positivo,twitter
General,0.7783,positivo,twitter
Automatizacion,0.4767,positivo,twitter
Empleo,0.5719,positivo,twitter
Automatizacion,0.5719,positivo,twitter
Futuro,0.5719,positivo,twitter
Automatizacion,0.0,neutro,twitter
Futuro,0.0,neutro,twitter
Automatizacion,0.5859,positivo,twitter
Futuro,0.5859,positivo,twitter
Automatizacion,0.7506,positivo,twitter
Empleo,0.4404,positivo,twitter
Automatizacion,0.4404,positivo,twitter
Automatizacion,0.6597,positivo,twitter
Automatizacion,0.0,neutro,twitter
General,0.4215,positivo,twitter
Automatizacion,0.8307,positivo,twitter
Futuro,0.8307,positivo,twitter
Automatizacion,0.0,neutro,twitter
General,0.0,neutro,twitter
Automatizacion,0.0,neutro,twitter
Futuro,0.0,neutro,twitter
Automatizacion,0.0,neutro,twitter
Automatizacion,0.9062,positivo,twitter
Productividad,0.802,positivo,twitter
General,-0.3612,negativo,twitter
Futuro,0.0,neutro,twitter
General,0.4767,positivo,twitter
Automatizacion,0.4404,positivo,twitter
Empleo,0.6597,positivo,twitter
Automatizacion,0.6597,positivo,twitter
Automatizacion,0.0,neutro,twitter
General,0.0,neutro,twitter
General,0.0,neutro,twitter
Etica,0.1832,positivo,twitter
General,0.0,neutro,twitter
Automatizacion,0.7096,positivo,twitter
Automatizacion,0.0,neutro,twitter
Futuro,0.0,neutro,twitter
General,0.0,neutro,twitter
General,0.0,neutro,twitter
Automatizacion,0.6597,positivo,twitter
Futuro,0.0,neutro,twitter
Automatizacion,0.34,positivo,twitter
Automatizacion,0.0,neutro,twitter
General,0.0,neutro,twitter
General,0.2023,positivo,twitter
General,0.296,positivo,twitter
General,0.296,positivo,twitter
General,0.8481,positivo,twitter
General,0.3612,positivo,twitter
Automatizacion,0.0,neutro,twitter
Automatizacion,0.6202,positivo,twitter
Automatizacion,0.0,neutro,twitter
Automatizacion,-0.2732,negativo,twitter
Empleo,0.0,neutro,twitter
Automatizacion,0.0,neutro,twitter
General,0.5859,positivo,twitter
Automatizacion,0.2023,positivo,twitter
Futuro,0.2023,positivo,twitter
Automatizacion,0.0,neutro,twitter
Futuro,0.0,neutro,twitter
Automatizacion,0.0,neutro,twitter
Futuro,0.0,neutro,twitter
Empleo,-0.2023,negativo,twitter
Automatizacion,-0.2023,negativo,twitter
Futuro,-0.2023,negativo,twitter
Etica,-0.2023,negativo,twitter
General,-0.296,negativo,twitter
Automatizacion,0.0,neutro,twitter
Automatizacion,0.0,neutro,twitter
Etica,0.0,neutro,twitter
General,0.6705,positivo,twitter
Automatizacion,0.4404,positivo,twitter
Empleo,0.765,positivo,twitter
Futuro,0.765,positivo,twitter
Automatizacion,0.0,neutro,twitter
Automatizacion,0.7506,positivo,twitter
Automatizacion,0.5994,positivo,twitter
Futuro,0.5994,positivo,twitter
Automatizacion,0.6597,positivo,twitter
Automatizacion,0.0,neutro,twitter
Futuro,0.0,neutro,twitter
Automatizacion,0.9287,positivo,twitter
Empleo,0.5106,positivo,twitter
Automatizacion,0.5574,positivo,twitter
Futuro,0.5574,positivo,twitter
Empleo,0.0,neutro,twitter
Automatizacion,0.8271,positivo,twitter
General,0.0,neutro,twitter
Automatizacion,0.3182,positivo,twitter
General,-0.5267,negativo,twitter
General,-0.1027,negativo,twitter
Automatizacion,-0.7709,negativo,twitter
Automatizacion,0.0,neutro,twitter
Futuro,0.0,neutro,twitter
Empleo,-0.1027,negativo,twitter
Automatizacion,-0.1027,negativo,twitter
Futuro,-0.1027,negativo,twitter
Etica,-0.1027,negativo,twitter
General,0.0,neutro,twitter
Futuro,-0.2263,negativo,twitter
Futuro,0.4754,positivo,twitter
Automatizacion,0.2732,positivo,twitter
Empleo,0.0,neutro,twitter
Automatizacion,0.0,neutro,twitter
Futuro,0.0,neutro,twitter
Etica,0.0,neutro,twitter
Automatizacion,0.0,neutro,twitter
Empleo,0.0,neutro,twitter
Productividad,0.4404,positivo,twitter
Automatizacion,0.6369,positivo,twitter
General,0.0,neutro,twitter
Automatizacion,0.0,neutro,twitter
Futuro,0.0,neutro,twitter
Automatizacion,-0.1027,negativo,twitter
Futuro,-0.1027,negativo,twitter
Etica,-0.1027,negativo,twitter
Automatizacion,0.2732,positivo,twitter
Empleo,0.7506,positivo,twitter
Automatizacion,0.7506,positivo,twitter
Etica,0.7506,positivo,twitter
Automatizacion,-0.5267,negativo,twitter
Automatizacion,-0.1531,negativo,twitter
Futuro,-0.1531,negativo,twitter
Automatizacion,0.2732,positivo,twitter
Automatizacion,-0.2194,negativo,twitter
Automatizacion,0.4404,positivo,twitter
Automatizacion,0.6077,positivo,twitter
Futuro,0.6077,positivo,twitter
Futuro,0.4939,positivo,twitter
Empleo,0.4497,positivo,twitter
Automatizacion,0.4497,positivo,twitter
Automatizacion,0.6249,positivo,twitter
Productividad,0.6249,positivo,twitter
General,0.3818,positivo,twitter
Automatizacion,0.0,neutro,twitter
Futuro,0.0,neutro,twitter
Automatizacion,0.0,neutro,twitter
Automatizacion,0.0,neutro,twitter
Futuro,0.0,neutro,twitter
Empleo,0.4404,positivo,twitter
Automatizacion,0.4404,positivo,twitter
Etica,0.5719,positivo,twitter
Empleo,0.296,positivo,twitter
General,0.8957,positivo,twitter
Empleo,0.0,neutro,twitter
Automatizacion,0.0,neutro,twitter
Futuro,0.0,neutro,twitter
Futuro,0.3818,positivo,twitter
Automatizacion,0.0,neutro,twitter
Automatizacion,0.0772,positivo,twitter
Automatizacion,-0.2732,negativo,twitter
Etica,0.34,positivo,twitter
Automatizacion,0.7579,positivo,twitter
Etica,0.7579,positivo,twitter
Automatizacion,0.4215,positivo,twitter
Futuro,0.4215,positivo,twitter
Automatizacion,0.4767,positivo,twitter
General,-0.7717,negativo,twitter
Automatizacion,0.0,neutro,twitter
General,0.0,neutro,twitter
Automatizacion,0.4939,positivo,twitter
Empleo,0.25,positivo,twitter
Automatizacion,0.25,positivo,twitter
Automatizacion,0.7506,positivo,twitter
General,0.0,neutro,twitter
Automatizacion,0.0,neutro,twitter
General,0.0,neutro,twitter
Automatizacion,0.0,neutro,twitter
Empleo,0.6597,positivo,twitter
Automatizacion,0.6597,positivo,twitter
General,0.0,neutro,twitter
General,0.0516,positivo,twitter
General,0.5267,positivo,twitter
General,0.0,neutro,twitter
General,0.0,neutro,twitter
General,0.7579,positivo,twitter
Automatizacion,0.0,neutro,twitter
General,0.5106,positivo,twitter
General,0.0,neutro,twitter
Productividad,0.4404,positivo,twitter
Automatizacion,0.0,neutro,twitter
Futuro,0.0,neutro,twitter
Futuro,0.3818,positivo,twitter
Futuro,0.0,neutro,twitter
Automatizacion,0.0,neutro,twitter
Automatizacion,0.0,neutro,twitter
Empleo,0.0,neutro,twitter
Automatizacion,0.0,neutro,twitter
Automatizacion,0.4588,positivo,twitter
Automatizacion,0.4404,positivo,twitter
Futuro,0.7351,positivo,twitter
Economia,0.7351,positivo,twitter
General,0.0,neutro,twitter
Automatizacion,0.3612,positivo,twitter
Automatizacion,0.296,positivo,twitter
Automatizacion,0.0,neutro,twitter
Futuro,0.0,neutro,twitter
General,0.0,neutro,twitter
Automatizacion,0.0,neutro,twitter
Empleo,0.0,neutro,twitter
Automatizacion,0.0,neutro,twitter
Futuro,0.0,neutro,twitter
Etica,0.0,neutro,twitter
Empleo,0.128,positivo,twitter
Automatizacion,0.128,positivo,twitter
Futuro,0.128,positivo,twitter
Etica,0.128,positivo,twitter
Automatizacion,0.6369,positivo,twitter
Futuro,0.0,neutro,twitter
General,0.34,positivo,twitter
Automatizacion,0.0,neutro,twitter
Productividad,-0.7184,negativo,twitter
Automatizacion,0.0,neutro,twitter
Futuro,0.0,neutro,twitter
Automatizacion,0.6369,positivo,twitter
Productividad,0.6369,positivo,twitter
Automatizacion,0.0,neutro,twitter
General,0.3818,positivo,twitter
Automatizacion,0.2732,positivo,twitter
Futuro,0.2732,positivo,twitter
Economia,0.2732,positivo,twitter
Empleo,0.0,neutro,twitter
Automatizacion,0.3182,positivo,twitter
Automatizacion,0.4019,positivo,twitter
Automatizacion,0.0,neutro,twitter
Automatizacion,0.0,neutro,twitter
General,-0.4588,negativo,twitter
General,0.0516,positivo,twitter
Empleo,0.0,neutro,twitter
Automatizacion,0.0,neutro,twitter
Futuro,0.0,neutro,twitter
Etica,0.0,neutro,twitter
General,0.5106,positivo,twitter
Empleo,0.4215,positivo,twitter
General,0.0,neutro,twitter
Automatizacion,0.0,neutro,twitter
Automatizacion,0.6486,positivo,twitter
Futuro,0.6486,positivo,twitter
General,0.0,neutro,twitter
Automatizacion,-0.5423,negativo,twitter
Automatizacion,0.6597,positivo,twitter
Automatizacion,0.0,neutro,twitter
Automatizacion,0.0258,neutro,twitter
Futuro,0.0258,neutro,twitter
Automatizacion,0.4588,positivo,twitter
Empleo,0.0,neutro,twitter
Automatizacion,0.0,neutro,twitter
General,0.4404,positivo,twitter
General,0.0243,neutro,twitter
Automatizacion,0.0,neutro,twitter
Futuro,0.0,neutro,twitter
Empleo,0.0,neutro,twitter
Automatizacion,0.0,neutro,twitter
General,0.5773,positivo,twitter
General,0.9287,positivo,twitter
Productividad,0.4588,positivo,twitter
Empleo,0.0,neutro,twitter
Automatizacion,0.0,neutro,twitter
General,-0.6124,negativo,twitter
Empleo,0.4215,positivo,twitter
Automatizacion,0.4215,positivo,twitter
Empleo,0.6249,positivo,twitter
Automatizacion,0.6249,positivo,twitter
Automatizacion,0.4404,positivo,twitter
Automatizacion,0.0,neutro,twitter
Economia,0.0,neutro,twitter
Automatizacion,0.6486,positivo,twitter
Empleo,0.0,neutro,twitter
Automatizacion,0.0,neutro,twitter
Automatizacion,0.6486,positivo,twitter
General,0.0,neutro,twitter
Empleo,0.5267,positivo,twitter
Futuro,0.5267,positivo,twitter
Automatizacion,0.0,neutro,twitter
Futuro,0.0,neutro,twitter
General,0.2732,positivo,twitter
Automatizacion,0.6597,positivo,twitter
Empleo,0.4215,positivo,twitter
Automatizacion,0.4215,positivo,twitter
Automatizacion,-0.0516,negativo,twitter
Futuro,-0.0516,negativo,twitter
Etica,0.0,neutro,twitter
Automatizacion,0.6249,positivo,twitter
Automatizacion,0.743,positivo,twitter
Empleo,0.6597,positivo,twitter
Automatizacion,0.6597,positivo,twitter
Automatizacion,0.4404,positivo,twitter
Automatizacion,0.4019,positivo,twitter
Futuro,0.4019,positivo,twitter
Automatizacion,0.0,neutro,twitter
Futuro,0.0,neutro,twitter
General,0.5994,positivo,twitter
General,0.0,neutro,twitter
Automatizacion,0.6249,positivo,twitter
Automatizacion,0.1531,positivo,twitter
Futuro,0.1531,positivo,twitter
Empleo,0.3818,positivo,twitter
Automatizacion,0.3818,positivo,twitter
Automatizacion,0.4588,positivo,twitter
Automatizacion,0.3612,positivo,twitter
General,0.5994,positivo,twitter
Automatizacion,-0.2911,negativo,twitter
Automatizacion,0.4767,positivo,twitter
Empleo,0.0,neutro,twitter
Automatizacion,0.0,neutro,twitter
Automatizacion,0.0,neutro,twitter
Futuro,0.0,neutro,twitter
Productividad,0.4404,positivo,twitter
General,0.3818,positivo,twitter
Empleo,0.0,neutro,twitter
Automatizacion,0.0,neutro,twitter
Futuro,0.0,neutro,twitter
Etica,0.0,neutro,twitter
Automatizacion,0.0,neutro,twitter
Economia,-0.4019,negativo,twitter
General,-0.2584,negativo,twitter
General,0.6369,positivo,twitter
Automatizacion,0.0,neutro,twitter
General,0.6249,positivo,twitter
Automatizacion,0.0,neutro,twitter
Futuro,0.0,neutro,twitter
Empleo,0.0,neutro,twitter
Automatizacion,0.0,neutro,twitter
Futuro,0.6908,positivo,twitter
Etica,-0.7184,negativo,twitter
Empleo,0.0,neutro,twitter
General,0.0,neutro,twitter
Automatizacion,0.0,neutro,twitter
Automatizacion,0.0,neutro,twitter
General,0.0,neutro,twitter
Automatizacion,0.0,neutro,twitter
Futuro,0.0,neutro,twitter
General,0.8074,positivo,twitter
Automatizacion,0.0,neutro,twitter
Futuro,0.0,neutro,twitter
General,0.0,neutro,twitter
Automatizacion,0.0,neutro,twitter
Futuro,0.0,neutro,twitter
Productividad,0.0,neutro,twitter
Automatizacion,0.4019,positivo,twitter
Automatizacion,-0.4019,negativo,twitter
Automatizacion,0.7184,positivo,twitter
Empleo,0.4215,positivo,twitter
Automatizacion,0.4215,positivo,twitter
General,0.5106,positivo,twitter
General,-0.4215,negativo,twitter
Empleo,0.8225,positivo,twitter
Empleo,0.2732,positivo,twitter
Automatizacion,0.2732,positivo,twitter
Automatizacion,0.0,neutro,twitter
Automatizacion,0.6369,positivo,twitter
Futuro,0.6369,positivo,twitter
General,0.0,neutro,twitter
Automatizacion,0.2732,positivo,twitter
Etica,0.2732,positivo,twitter
General,0.0,neutro,twitter
General,0.0,neutro,twitter
Empleo,0.2732,positivo,twitter
Automatizacion,0.2732,positivo,twitter
Futuro,0.2732,positivo,twitter
Etica,0.2732,positivo,twitter
Empleo,0.8591,positivo,twitter
Automatizacion,0.8591,positivo,twitter
Empleo,0.4767,positivo,twitter
Automatizacion,0.4767,positivo,twitter
Futuro,0.4767,positivo,twitter
Etica,0.4767,positivo,twitter
Automatizacion,0.5267,positivo,twitter
Empleo,0.0,neutro,twitter
Automatizacion,0.0,neutro,twitter
Automatizacion,0.0,neutro,twitter
Automatizacion,0.4767,positivo,twitter
Empleo,0.0,neutro,twitter
General,0.0,neutro,twitter
General,0.0,neutro,twitter
General,0.0,neutro,twitter
Empleo,0.4588,positivo,twitter
Productividad,0.4588,positivo,twitter
Automatizacion,0.0,neutro,twitter
Futuro,0.0,neutro,twitter
Automatizacion,0.7845,positivo,twitter
Automatizacion,0.6486,positivo,twitter
General,0.2023,positivo,twitter
Empleo,0.6808,positivo,twitter
Automatizacion,0.6808,positivo,twitter
Economia,0.6808,positivo,twitter
Automatizacion,0.4767,positivo,twitter
Futuro,0.0,neutro,twitter
Automatizacion,0.5859,positivo,twitter
Productividad,0.4404,positivo,twitter
General,0.0772,positivo,twitter
Automatizacion,-0.34,negativo,twitter
Automatizacion,0.4767,positivo,twitter
Futuro,0.4767,positivo,twitter
Empleo,-0.4588,negativo,twitter
Automatizacion,-0.4588,negativo,twitter
Futuro,-0.4588,negativo,twitter
Etica,-0.4588,negativo,twitter
Automatizacion,0.0,neutro,twitter
General,0.552,positivo,twitter
Empleo,0.4215,positivo,twitter
Automatizacion,0.4215,positivo,twitter
General,0.0,neutro,twitter
Automatizacion,0.0,neutro,twitter
Futuro,0.0,neutro,twitter
Automatizacion,0.0,neutro,twitter
Automatizacion,0.4497,positivo,twitter
Automatizacion,-0.2732,negativo,twitter
Empleo,0.0,neutro,twitter
Automatizacion,0.0,neutro,twitter
Empleo,0.4215,positivo,twitter
Automatizacion,0.4215,positivo,twitter
General,0.0,neutro,twitter
Automatizacion,0.6705,positivo,twitter
General,0.6705,positivo,twitter
General,0.2023,positivo,twitter
Automatizacion,0.4767,positivo,twitter
Empleo,0.1154,positivo,twitter
Futuro,0.1154,positivo,twitter
General,0.5859,positivo,twitter
Automatizacion,0.0,neutro,twitter
Futuro,0.0,neutro,twitter
Empleo,0.0,neutro,twitter
Automatizacion,0.0,neutro,twitter
Economia,0.0,neutro,twitter
Empleo,0.6597,positivo,twitter
Automatizacion,0.836,positivo,twitter
Productividad,0.836,positivo,twitter
Automatizacion,0.8176,positivo,twitter
Automatizacion,0.0,neutro,twitter
Etica,0.0,neutro,twitter
General,-0.7717,negativo,twitter
Automatizacion,0.0,neutro,twitter
Futuro,0.0,neutro,twitter
General,0.0,neutro,twitter
Empleo,0.0,neutro,twitter
Automatizacion,0.0,neutro,twitter
Automatizacion,0.3818,positivo,twitter
Automatizacion,0.0,neutro,twitter
Automatizacion,0.0,neutro,twitter
General,0.4939,positivo,twitter
Empleo,0.4215,positivo,twitter
Automatizacion,0.4215,positivo,twitter
Automatizacion,0.0,neutro,twitter
Automatizacion,0.4215,positivo,twitter
Automatizacion,0.5106,positivo,twitter
Automatizacion,0.3818,positivo,twitter
Empleo,0.0,neutro,twitter
Automatizacion,0.0,neutro,twitter
Futuro,0.0,neutro,twitter
General,0.6369,positivo,twitter
Empleo,0.0,neutro,twitter
Automatizacion,0.0,neutro,twitter
General,0.0,neutro,twitter
Futuro,0.2023,positivo,twitter
Etica,0.2023,positivo,twitter
Automatizacion,0.7096,positivo,twitter
Automatizacion,0.4173,positivo,twitter
Automatizacion,-0.6249,negativo,twitter
General,-0.4549,negativo,twitter
Empleo,-0.3818,negativo,twitter
Automatizacion,-0.3818,negativo,twitter
Empleo,0.5994,positivo,twitter
Automatizacion,0.5994,positivo,twitter
Futuro,0.0,neutro,twitter
General,0.0,neutro,twitter
Automatizacion,0.4588,positivo,twitter
Futuro,0.4588,positivo,twitter
Automatizacion,0.4019,positivo,twitter
Automatizacion,0.0,neutro,twitter
General,0.0,neutro,twitter
General,0.0,neutro,twitter
General,0.7506,positivo,twitter
General,0.4588,positivo,twitter
Empleo,0.0,neutro,twitter
Automatizacion,0.0,neutro,twitter
Futuro,0.0,neutro,twitter
Etica,0.0,neutro,twitter
Automatizacion,0.6597,positivo,twitter
General,0.0,neutro,twitter
General,0.0,neutro,twitter
Automatizacion,0.296,positivo,twitter
Etica,0.296,positivo,twitter
Futuro,0.8074,positivo,twitter
General,0.0,neutro,twitter
Empleo,0.0,neutro,twitter
Automatizacion,0.0,neutro,twitter
Futuro,0.0,neutro,twitter
Etica,0.0,neutro,twitter
Automatizacion,0.3818,positivo,twitter
Futuro,0.3818,positivo,twitter
Economia,0.3818,positivo,twitter
Automatizacion,0.743,positivo,twitter
Economia,0.743,positivo,twitter
General,0.7845,positivo,twitter
Automatizacion,0.6908,positivo,twitter
Economia,0.6908,positivo,twitter
Empleo,0.0,neutro,twitter
Automatizacion,0.0,neutro,twitter
Futuro,0.0,neutro,twitter
Etica,0.0,neutro,twitter
Automatizacion,0.0,neutro,twitter
General,0.4019,positivo,twitter
Automatizacion,0.6597,positivo,twitter
Automatizacion,0.0,neutro,twitter
Futuro,0.0,neutro,twitter
General,0.0,neutro,twitter
Automatizacion,0.0,neutro,twitter
Automatizacion,0.0258,neutro,twitter
General,0.5859,positivo,twitter
Automatizacion,0.4588,positivo,twitter
Automatizacion,0.8625,positivo,twitter
General,0.0,neutro,twitter
Automatizacion,0.6369,positivo,twitter
Etica,0.6369,positivo,twitter
General,0.2263,positivo,twitter
General,0.25,positivo,twitter
Empleo,0.9325,positivo,twitter
Automatizacion,0.9325,positivo,twitter
Productividad,0.9325,positivo,twitter
Automatizacion,0.8591,positivo,twitter
Automatizacion,0.5106,positivo,twitter
Automatizacion,0.7579,positivo,twitter
Automatizacion,0.8316,positivo,twitter
Automatizacion,0.3818,positivo,twitter
General,0.0,neutro,twitter
Automatizacion,0.802,positivo,twitter
Automatizacion,0.1531,positivo,twitter
General,0.6808,positivo,twitter
Automatizacion,0.6597,positivo,twitter
General,0.7351,positivo,twitter
General,0.25,positivo,twitter
General,-0.296,negativo,twitter
Empleo,0.34,positivo,twitter
Automatizacion,0.34,positivo,twitter
Economia,0.8074,positivo,twitter
Automatizacion,-0.4404,negativo,twitter
Automatizacion,0.0,neutro,twitter
Futuro,0.0,neutro,twitter
General,0.34,positivo,twitter
Futuro,-0.296,negativo,twitter
Automatizacion,-0.4019,negativo,twitter
Automatizacion,0.6597,positivo,twitter
General,0.0258,neutro,twitter
Empleo,0.6369,positivo,twitter
Futuro,0.6369,positivo,twitter
Automatizacion,0.0,neutro,twitter
Automatizacion,0.4215,positivo,twitter
Empleo,-0.1027,negativo,twitter
General,0.296,positivo,twitter
Automatizacion,-0.5423,negativo,twitter
Automatizacion,-0.25,negativo,twitter
Automatizacion,-0.1027,negativo,twitter
General,-0.4215,negativo,twitter
Futuro,0.7269,positivo,twitter
Empleo,0.0,neutro,twitter
Automatizacion,0.0,neutro,twitter
Automatizacion,-0.2732,negativo,twitter
Productividad,0.4767,positivo,twitter
Automatizacion,0.1779,positivo,twitter
Automatizacion,0.0,neutro,twitter
Automatizacion,0.0,neutro,twitter
Empleo,0.7717,positivo,twitter
Empleo,0.0,neutro,twitter
Automatizacion,0.0,neutro,twitter
Futuro,0.802,positivo,twitter
Automatizacion,0.0,neutro,twitter
Automatizacion,0.0772,positivo,twitter
General,0.4019,positivo,twitter
General,-0.296,negativo,twitter
General,0.0,neutro,twitter
Empleo,0.0,neutro,twitter
Automatizacion,0.0,neutro,twitter
General,0.0,neutro,twitter
Automatizacion,0.0,neutro,twitter
Futuro,0.0,neutro,twitter
Automatizacion,0.34,positivo,twitter
General,0.3774,positivo,twitter
Automatizacion,0.0,neutro,twitter
Futuro,0.0,neutro,twitter
General,0.7351,positivo,twitter
General,0.4754,positivo,twitter
Automatizacion,0.0,neutro,twitter
Futuro,0.0,neutro,twitter
General,-0.25,negativo,twitter
Automatizacion,-0.5574,negativo,twitter
General,0.3612,positivo,twitter
General,0.0,neutro,twitter
Automatizacion,0.0,neutro,twitter
Economia,0.0,neutro,twitter
Empleo,0.0,neutro,twitter
Automatizacion,0.0,neutro,twitter
General,0.1027,positivo,twitter
General,0.4767,positivo,twitter
Empleo,0.0,neutro,twitter
Automatizacion,0.0,neutro,twitter
General,0.8164,positivo,twitter
Automatizacion,0.0,neutro,twitter
Automatizacion,0.3818,positivo,twitter
Empleo,0.0,neutro,twitter
Automatizacion,0.0,neutro,twitter
General,-0.7906,negativo,twitter
General,0.0,neutro,twitter
Automatizacion,0.7269,positivo,twitter
General,0.3167,positivo,twitter
General,0.0,neutro,twitter
Automatizacion,0.0,neutro,twitter
Futuro,0.0,neutro,twitter
General,-0.34,negativo,twitter
Automatizacion,0.0,neutro,twitter
General,0.4404,positivo,twitter
General,0.7096,positivo,twitter
Automatizacion,0.0,neutro,twitter
Empleo,0.0,neutro,twitter
Automatizacion,0.0,neutro,twitter
Automatizacion,0.0,neutro,twitter
Futuro,0.0,neutro,twitter
Automatizacion,0.3818,positivo,twitter
Automatizacion,0.25,positivo,twitter
General,0.0,neutro,twitter
General,0.0,neutro,twitter
Automatizacion,-0.4588,negativo,twitter
General,0.6369,positivo,twitter
Automatizacion,0.6908,positivo,twitter
Automatizacion,0.3818,positivo,twitter
Automatizacion,0.3818,positivo,twitter
Automatizacion,0.0,neutro,twitter
Empleo,0.4215,positivo,twitter
General,-0.3612,negativo,twitter
Automatizacion,-0.0516,negativo,twitter
Automatizacion,0.8519,positivo,twitter
General,0.4019,positivo,twitter
Automatizacion,0.2023,positivo,twitter
Futuro,0.2023,positivo,twitter
General,0.7269,positivo,twitter
Automatizacion,0.6597,positivo,twitter
General,0.0,neutro,twitter
Empleo,0.0,neutro,twitter
Automatizacion,0.0,neutro,twitter
Futuro,0.0,neutro,twitter
Etica,0.0,neutro,twitter
Automatizacion,0.6249,positivo,twitter
Automatizacion,0.4767,positivo,twitter
General,0.4588,positivo,twitter
Empleo,0.0,neutro,twitter
Automatizacion,0.0,neutro,twitter
Automatizacion,0.3818,positivo,twitter
Futuro,0.3818,positivo,twitter
General,0.0,neutro,twitter
Empleo,0.0,neutro,twitter
Automatizacion,0.0,neutro,twitter
Empleo,0.34,positivo,twitter
Etica,0.34,positivo,twitter
Automatizacion,0.7906,positivo,twitter
General,0.0,neutro,twitter
Empleo,0.0,neutro,twitter
Automatizacion,0.0,neutro,twitter
Automatizacion,0.128,positivo,twitter
Etica,0.0,neutro,twitter
Automatizacion,0.3818,positivo,twitter
General,0.4588,positivo,twitter
Automatizacion,0.7506,positivo,twitter
Futuro,0.7506,positivo,twitter
Automatizacion,0.3612,positivo,twitter
Futuro,0.3612,positivo,twitter
General,0.5859,positivo,twitter
Automatizacion,0.4939,positivo,twitter
Automatizacion,0.0,neutro,twitter
General,0.0,neutro,twitter
Automatizacion,0.0258,neutro,twitter
Empleo,0.0,neutro,twitter
Automatizacion,0.0,neutro,twitter
Automatizacion,0.0,neutro,twitter
Futuro,0.0,neutro,twitter
Automatizacion,0.0,neutro,twitter
Futuro,0.3818,positivo,twitter
Empleo,-0.0864,negativo,twitter
Automatizacion,-0.0864,negativo,twitter
Automatizacion,0.0,neutro,twitter
Futuro,0.0,neutro,twitter
Empleo,0.2444,positivo,twitter
Automatizacion,0.2444,positivo,twitter
General,0.296,positivo,twitter
General,0.0,neutro,twitter
Automatizacion,0.4767,positivo,twitter
Etica,0.4767,positivo,twitter
Automatizacion,0.802,positivo,twitter
Productividad,0.802,positivo,twitter
Economia,0.802,positivo,twitter
Empleo,0.8176,positivo,twitter
Automatizacion,0.8176,positivo,twitter
General,0.34,positivo,twitter
Automatizacion,-0.1779,negativo,twitter
Economia,-0.1779,negativo,twitter
Automatizacion,0.6597,positivo,twitter
Productividad,0.6597,positivo,twitter
Empleo,0.6597,positivo,twitter
Automatizacion,0.6597,positivo,twitter
General,0.4215,positivo,twitter
Automatizacion,0.7728,positivo,twitter
Futuro,0.7728,positivo,twitter
Automatizacion,0.4588,positivo,twitter
Economia,0.4019,positivo,twitter
Empleo,0.0,neutro,twitter
Automatizacion,0.0,neutro,twitter
Empleo,0.0,neutro,twitter
Automatizacion,0.0,neutro,twitter
Etica,0.0,neutro,twitter
General,0.3818,positivo,twitter
Automatizacion,0.3182,positivo,twitter
Automatizacion,0.9042,positivo,twitter
Automatizacion,0.0,neutro,twitter
Automatizacion,0.0,neutro,twitter
Automatizacion,0.0258,neutro,twitter
Automatizacion,0.4404,positivo,twitter
Automatizacion,0.4767,positivo,twitter
Automatizacion,0.0,neutro,twitter
Empleo,0.2023,positivo,twitter
Automatizacion,0.2023,positivo,twitter
Automatizacion,0.4404,positivo,twitter
Futuro,0.4404,positivo,twitter
Automatizacion,0.0,neutro,twitter
Automatizacion,0.4404,positivo,twitter
Futuro,0.5709,positivo,twitter
Etica,0.5709,positivo,twitter
Automatizacion,0.0,neutro,twitter
Futuro,0.0,neutro,twitter
Empleo,0.0,neutro,twitter
Automatizacion,0.0,neutro,twitter
Automatizacion,0.0,neutro,twitter
Futuro,0.0,neutro,twitter
Automatizacion,0.7906,positivo,twitter
Futuro,0.7906,positivo,twitter
Automatizacion,0.4588,positivo,twitter
Empleo,0.0,neutro,twitter
General,0.6597,positivo,twitter
General,0.128,positivo,twitter
Automatizacion,0.2023,positivo,twitter
Automatizacion,0.0,neutro,twitter
Automatizacion,0.3818,positivo,twitter
Empleo,0.0,neutro,twitter
Automatizacion,0.0,neutro,twitter
General,-0.5994,negativo,twitter
Automatizacion,0.0,neutro,twitter
General,0.6369,positivo,twitter
General,0.0,neutro,twitter
Automatizacion,0.0,neutro,twitter
General,0.7906,positivo,twitter
General,0.0,neutro,twitter
General,0.4754,positivo,twitter
Empleo,0.7003,positivo,twitter
Automatizacion,0.7003,positivo,twitter
Automatizacion,0.6597,positivo,twitter
Automatizacion,-0.0772,negativo,twitter
General,0.7096,positivo,twitter
Empleo,0.128,positivo,twitter
Automatizacion,0.128,positivo,twitter
Automatizacion,0.0,neutro,twitter
Futuro,0.0,neutro,twitter
Automatizacion,0.0,neutro,twitter
Futuro,0.0,neutro,twitter
Empleo,0.0,neutro,twitter
Automatizacion,0.0,neutro,twitter
Economia,0.0,neutro,twitter
Automatizacion,0.6597,positivo,twitter
Automatizacion,0.0,neutro,twitter
General,0.4588,positivo,twitter
Automatizacion,-0.25,negativo,twitter
Etica,-0.25,negativo,twitter
Empleo,0.0,neutro,twitter
Automatizacion,0.0,neutro,twitter
Futuro,0.0,neutro,twitter
Etica,0.0,neutro,twitter
Automatizacion,-0.0516,negativo,twitter
Futuro,-0.0516,negativo,twitter
Automatizacion,0.3182,positivo,twitter
Automatizacion,0.0,neutro,twitter
Empleo,0.0,neutro,twitter
Automatizacion,0.0,neutro,twitter
General,0.4588,positivo,twitter
Automatizacion,0.0,neutro,twitter
Automatizacion,0.4404,positivo,twitter
Automatizacion,0.4019,positivo,twitter
Empleo,0.4939,positivo,twitter
Automatizacion,0.2263,positivo,twitter
Automatizacion,0.0,neutro,twitter
Automatizacion,-0.3818,negativo,twitter
Futuro,-0.3818,negativo,twitter
Automatizacion,0.4767,positivo,twitter
Automatizacion,0.0,neutro,twitter
Empleo,0.2732,positivo,twitter
Automatizacion,0.2732,positivo,twitter
Empleo,0.0,neutro,twitter
Automatizacion,0.0,neutro,twitter
Futuro,0.0,neutro,twitter
Etica,0.0,neutro,twitter
Automatizacion,0.8481,positivo,twitter
General,0.0,neutro,twitter
Automatizacion,0.6808,positivo,twitter
Economia,0.6808,positivo,twitter
General,0.8402,positivo,twitter
Empleo,0.7384,positivo,twitter
Automatizacion,0.0,neutro,twitter
Automatizacion,0.0,neutro,twitter
Automatizacion,-0.5994,negativo,twitter
Automatizacion,0.3612,positivo,twitter
Automatizacion,0.0,neutro,twitter
Futuro,0.0,neutro,twitter
General,0.2732,positivo,twitter
General,0.0,neutro,twitter
Empleo,0.6486,positivo,twitter
Automatizacion,0.6486,positivo,twitter
Futuro,0.6486,positivo,twitter
Automatizacion,0.0516,positivo,twitter
Automatizacion,0.4588,positivo,twitter
General,0.6597,positivo,twitter
Automatizacion,0.0258,neutro,twitter
Futuro,0.0258,neutro,twitter
General,0.0,neutro,twitter
Automatizacion,0.0,neutro,twitter
Productividad,0.4588,positivo,twitter
Automatizacion,0.0,neutro,twitter
General,0.4939,positivo,twitter
General,-0.6597,negativo,twitter
General,0.5106,positivo,twitter
Automatizacion,-0.4019,negativo,twitter
General,0.3612,positivo,twitter
Automatizacion,0.6124,positivo,twitter
Automatizacion,0.0,neutro,twitter
General,-0.7579,negativo,twitter
Automatizacion,0.0,neutro,twitter
Futuro,0.0,neutro,twitter
Automatizacion,0.0,neutro,twitter
Empleo,-0.4588,negativo,twitter
Automatizacion,0.0,neutro,twitter
Automatizacion,-0.2732,negativo,twitter
General,-0.4939,negativo,twitter
Automatizacion,0.5267,positivo,twitter
Futuro,0.5267,positivo,twitter
Empleo,0.0,neutro,twitter
Automatizacion,0.0,neutro,twitter
Automatizacion,0.6908,positivo,twitter
Empleo,0.1901,positivo,twitter
Automatizacion,0.1901,positivo,twitter
Automatizacion,0.6597,positivo,twitter
General,0.2263,positivo,twitter
Empleo,0.4215,positivo,twitter
Automatizacion,0.4215,positivo,twitter
General,0.5267,positivo,twitter
Automatizacion,-0.5859,negativo,twitter
Automatizacion,0.0,neutro,twitter
Futuro,0.0,neutro,twitter
General,0.0,neutro,twitter
Automatizacion,0.3875,positivo,twitter
General,0.7304,positivo,twitter
Automatizacion,-0.4404,negativo,twitter
Automatizacion,0.25,positivo,twitter
Futuro,0.25,positivo,twitter
Empleo,0.0,neutro,twitter
Automatizacion,0.0,neutro,twitter
Automatizacion,0.2732,positivo,twitter
Futuro,0.5859,positivo,twitter
Automatizacion,0.0,neutro,twitter
Automatizacion,0.0,neutro,twitter
Automatizacion,0.7845,positivo,twitter
Automatizacion,0.4404,positivo,twitter
Automatizacion,0.0,neutro,twitter
Automatizacion,-0.296,negativo,twitter
Futuro,-0.296,negativo,twitter
Automatizacion,0.0,neutro,twitter
Empleo,0.6486,positivo,twitter
Automatizacion,0.6486,positivo,twitter
Empleo,0.0,neutro,twitter
Automatizacion,0.0,neutro,twitter
Empleo,0.0,neutro,twitter
Automatizacion,0.0,neutro,twitter
General,0.4588,positivo,twitter
Empleo,0.6249,positivo,twitter
Automatizacion,0.6249,positivo,twitter
Futuro,0.6249,positivo,twitter
Etica,0.6249,positivo,twitter
Automatizacion,0.2732,positivo,twitter
Futuro,0.2732,positivo,twitter
Etica,0.2732,positivo,twitter
General,0.8934,positivo,twitter
General,0.0258,neutro,twitter
Automatizacion,0.0,neutro,twitter
Empleo,0.4215,positivo,twitter
General,0.2682,positivo,twitter
Empleo,0.4215,positivo,twitter
Automatizacion,0.4215,positivo,twitter
General,0.0,neutro,twitter
Automatizacion,0.2023,positivo,twitter
Automatizacion,0.0,neutro,twitter
Productividad,0.802,positivo,twitter
Automatizacion,0.6597,positivo,twitter
Automatizacion,0.5423,positivo,twitter
Economia,0.0,neutro,twitter
Automatizacion,0.3182,positivo,twitter
Empleo,0.0,neutro,twitter
Automatizacion,0.0,neutro,twitter
Automatizacion,-0.0772,negativo,twitter
General,0.34,positivo,twitter
General,0.7717,positivo,twitter
Automatizacion,0.3818,positivo,twitter
Economia,0.0772,positivo,twitter
General,0.0772,positivo,twitter
Productividad,0.802,positivo,twitter
Etica,0.0,neutro,twitter
Empleo,0.4215,positivo,twitter
Automatizacion,0.4215,positivo,twitter
Automatizacion,0.6597,positivo,twitter
General,0.6249,positivo,twitter
Empleo,0.5994,positivo,twitter
Automatizacion,0.5994,positivo,twitter
Automatizacion,0.5267,positivo,twitter
Economia,0.7351,positivo,twitter
Automatizacion,0.4404,positivo,twitter
Automatizacion,0.0,neutro,twitter
Productividad,0.0,neutro,twitter
Automatizacion,0.296,positivo,twitter
Empleo,0.4919,positivo,twitter
Automatizacion,0.4919,positivo,twitter
Economia,0.4919,positivo,twitter
Automatizacion,0.0,neutro,twitter
Empleo,0.765,positivo,twitter
Automatizacion,0.765,positivo,twitter
Etica,0.7845,positivo,twitter
General,0.0,neutro,twitter
Automatizacion,0.5106,positivo,twitter
Economia,0.5106,positivo,twitter
General,0.0,neutro,twitter
Empleo,0.7506,positivo,twitter
Automatizacion,0.7506,positivo,twitter
Futuro,0.7506,positivo,twitter
Etica,0.7506,positivo,twitter
Empleo,0.2732,positivo,twitter
Automatizacion,0.2732,positivo,twitter
Empleo,0.0,neutro,twitter
Automatizacion,0.0,neutro,twitter
Futuro,0.0,neutro,twitter
Etica,0.0,neutro,twitter
Automatizacion,0.4019,positivo,twitter
Futuro,0.4019,positivo,twitter
Automatizacion,0.94,positivo,twitter
Automatizacion,-0.3182,negativo,twitter
Futuro,-0.3182,negativo,twitter
Automatizacion,-0.2755,negativo,twitter
Automatizacion,0.4588,positivo,twitter
Empleo,0.0,neutro,twitter
Automatizacion,0.0,neutro,twitter
General,0.6249,positivo,twitter
Automatizacion,0.4404,positivo,twitter
General,0.3182,positivo,twitter
Economia,0.743,positivo,twitter
Empleo,0.2023,positivo,twitter
Automatizacion,0.2023,positivo,twitter
Futuro,0.2023,positivo,twitter
Etica,0.2023,positivo,twitter
Automatizacion,-0.6124,negativo,twitter
General,0.0,neutro,twitter
Empleo,0.0,neutro,twitter
Automatizacion,0.0516,positivo,twitter
Automatizacion,0.0,neutro,twitter
Productividad,0.0,neutro,twitter
Automatizacion,0.0,neutro,twitter
Empleo,0.0,neutro,twitter
Automatizacion,0.0,neutro,twitter
Empleo,0.0,neutro,twitter
Automatizacion,0.0,neutro,twitter
Productividad,0.4588,positivo,twitter
Automatizacion,-0.4404,negativo,twitter
General,0.0,neutro,twitter
Automatizacion,0.0,neutro,twitter
General,0.0,neutro,twitter
Empleo,0.34,positivo,twitter
Automatizacion,0.34,positivo,twitter
Productividad,0.34,positivo,twitter
Futuro,0.0,neutro,twitter
Etica,0.0,neutro,twitter
General,0.0,neutro,twitter
Automatizacion,0.0,neutro,twitter
Futuro,0.0,neutro,twitter
General,0.7003,positivo,twitter
Empleo,0.0,neutro,twitter
Automatizacion,0.0,neutro,twitter
Automatizacion,0.0,neutro,twitter
Automatizacion,0.128,positivo,twitter
Automatizacion,0.0,neutro,twitter
Empleo,0.4215,positivo,twitter
Automatizacion,0.4215,positivo,twitter
Automatizacion,-0.1695,negativo,twitter
General,0.0,neutro,twitter
Empleo,0.4215,positivo,twitter
Automatizacion,0.4215,positivo,twitter
Automatizacion,0.6908,positivo,twitter
Futuro,0.6908,positivo,twitter
Productividad,0.6908,positivo,twitter
Automatizacion,0.5106,positivo,twitter
Futuro,0.5106,positivo,twitter
Automatizacion,0.8625,positivo,twitter
General,0.0,neutro,twitter
Automatizacion,0.6597,positivo,twitter
Automatizacion,0.0,neutro,twitter
Automatizacion,0.6908,positivo,twitter
Futuro,0.6908,positivo,twitter
General,0.34,positivo,twitter
General,0.0,neutro,twitter
Automatizacion,0.0,neutro,twitter
Futuro,0.0,neutro,twitter
Automatizacion,0.1139,positivo,twitter
Automatizacion,-0.6908,negativo,twitter
Automatizacion,0.5859,positivo,twitter
Futuro,0.5859,positivo,twitter
General,-0.7717,negativo,twitter
Empleo,0.4215,positivo,twitter
Automatizacion,0.4215,positivo,twitter
Automatizacion,0.0,neutro,twitter
Automatizacion,0.0,neutro,twitter
Futuro,0.0,neutro,twitter
Automatizacion,0.4588,positivo,twitter
Futuro,0.4588,positivo,twitter
Automatizacion,0.5106,positivo,twitter
General,0.0,neutro,twitter
Empleo,0.0,neutro,twitter
Automatizacion,0.0,neutro,twitter
Empleo,0.4215,positivo,twitter
Automatizacion,0.6597,positivo,twitter
Automatizacion,0.0,neutro,twitter
Automatizacion,-0.0516,negativo,twitter
Futuro,-0.0516,negativo,twitter
General,0.1646,positivo,twitter
Automatizacion,0.0,neutro,twitter
General,-0.296,negativo,twitter
Empleo,0.3818,positivo,twitter
Automatizacion,0.3818,positivo,twitter
Automatizacion,0.0,neutro,twitter
Empleo,0.0,neutro,twitter
Empleo,0.0,neutro,twitter
Automatizacion,0.0,neutro,twitter
Automatizacion,-0.4767,negativo,twitter
Futuro,-0.4767,negativo,twitter
General,0.3818,positivo,twitter
Automatizacion,0.0,neutro,twitter
Automatizacion,0.34,positivo,twitter
General,0.0,neutro,twitter
General,0.6369,positivo,twitter
Automatizacion,0.6369,positivo,twitter
Empleo,0.0,neutro,twitter
Automatizacion,0.0,neutro,twitter
Empleo,0.2023,positivo,twitter
Automatizacion,0.2023,positivo,twitter
Etica,0.2023,positivo,twitter
General,0.9313,positivo,twitter
Automatizacion,0.0,neutro,twitter
Automatizacion,0.0,neutro,twitter
Automatizacion,0.34,positivo,twitter
Automatizacion,0.7906,positivo,twitter
Productividad,0.7906,positivo,twitter
Economia,-0.4019,negativo,twitter
Automatizacion,0.6249,positivo,twitter
General,0.0,neutro,twitter
Automatizacion,0.0,neutro,twitter
Empleo,0.0,neutro,twitter
Automatizacion,0.0,neutro,twitter
Empleo,0.0,neutro,twitter
Automatizacion,0.0,neutro,twitter
Automatizacion,0.4404,positivo,twitter
General,0.734,positivo,twitter
Automatizacion,0.0,neutro,twitter
Etica,0.0,neutro,twitter
Automatizacion,0.0,neutro,twitter
General,0.0772,positivo,twitter
Automatizacion,0.0,neutro,twitter
General,0.0,neutro,twitter
General,0.2297,positivo,twitter
Empleo,0.0,neutro,twitter
Automatizacion,0.0,neutro,twitter
Futuro,0.0,neutro,twitter
Etica,0.0,neutro,twitter
Automatizacion,0.0,neutro,twitter
Empleo,0.0,neutro,twitter
Automatizacion,0.0,neutro,twitter
Futuro,-0.5859,negativo,twitter
Empleo,0.5423,positivo,twitter
Automatizacion,0.5423,positivo,twitter
Futuro,0.4404,positivo,twitter
General,0.0,neutro,twitter
Automatizacion,0.0,neutro,twitter
Economia,0.2023,positivo,twitter
Automatizacion,0.0,neutro,twitter
Automatizacion,0.0,neutro,twitter
Automatizacion,0.0,neutro,twitter
Futuro,0.0,neutro,twitter
Empleo,0.6369,positivo,twitter
Automatizacion,0.6369,positivo,twitter
General,-0.5106,negativo,twitter
Automatizacion,0.8176,positivo,twitter
Futuro,0.3818,positivo,twitter
General,0.0772,positivo,twitter
Futuro,0.5574,positivo,twitter
Automatizacion,-0.4939,negativo,twitter
Automatizacion,-0.3612,negativo,twitter
General,0.5859,positivo,twitter
General,0.0,neutro,twitter
Automatizacion,0.0,neutro,twitter
Futuro,-0.0516,negativo,twitter
General,0.4588,positivo,twitter
Automatizacion,0.25,positivo,twitter
Automatizacion,-0.3818,negativo,twitter
Futuro,-0.3818,negativo,twitter
General,0.5106,positivo,twitter
General,0.0,neutro,twitter
Automatizacion,0.6597,positivo,twitter
Empleo,0.5574,positivo,twitter
Automatizacion,0.5574,positivo,twitter
Automatizacion,0.7506,positivo,twitter
Automatizacion,0.0,neutro,twitter
Automatizacion,0.3327,positivo,twitter
Empleo,0.0,neutro,twitter
Automatizacion,0.0,neutro,twitter
General,0.0,neutro,twitter
Futuro,-0.5859,negativo,twitter
Futuro,0.0,neutro,twitter
Empleo,0.0,neutro,twitter
Automatizacion,0.0,neutro,twitter
Futuro,0.0,neutro,twitter
Etica,0.8225,positivo,twitter
Automatizacion,0.0,neutro,twitter
General,0.3612,positivo,twitter
General,0.0,neutro,twitter
General,0.0,neutro,twitter
Empleo,0.3818,positivo,twitter
Automatizacion,0.3818,positivo,twitter
Productividad,0.3818,positivo,twitter
Automatizacion,0.0,neutro,twitter
General,0.0,neutro,twitter
Futuro,0.8225,positivo,twitter
Automatizacion,0.8016,positivo,twitter
Automatizacion,0.6249,positivo,twitter
Futuro,0.6249,positivo,twitter
Automatizacion,0.4939,positivo,twitter
Futuro,0.4939,positivo,twitter
Automatizacion,0.2023,positivo,twitter
Automatizacion,0.4588,positivo,twitter
Automatizacion,0.2732,positivo,twitter
Empleo,0.9477,positivo,twitter
Automatizacion,0.9477,positivo,twitter
Automatizacion,0.0,neutro,twitter
Automatizacion,0.6597,positivo,twitter
Automatizacion,0.1154,positivo,twitter
Economia,0.1154,positivo,twitter
Automatizacion,0.0,neutro,twitter
Futuro,0.0,neutro,twitter
General,0.0,neutro,twitter
Futuro,0.3182,positivo,twitter
Etica,0.3182,positivo,twitter
Automatizacion,0.0,neutro,twitter
General,0.8442,positivo,twitter
Automatizacion,0.8271,positivo,twitter
Automatizacion,0.6369,positivo,twitter
General,0.0772,positivo,twitter
General,0.0,neutro,twitter
General,0.8176,positivo,twitter
Empleo,0.5994,positivo,twitter
Automatizacion,0.5994,positivo,twitter
Automatizacion,0.0,neutro,twitter
Automatizacion,0.128,positivo,twitter
Automatizacion,-0.5574,negativo,twitter
Automatizacion,0.6115,positivo,twitter
Automatizacion,0.0,neutro,twitter
Futuro,0.0,neutro,twitter
General,0.296,positivo,twitter
Automatizacion,-0.1531,negativo,twitter
General,-0.296,negativo,twitter
General,0.807,positivo,twitter
Automatizacion,0.2263,positivo,twitter
General,0.7717,positivo,twitter
Futuro,0.3612,positivo,twitter
Empleo,0.0772,positivo,twitter
Automatizacion,0.0772,positivo,twitter
Futuro,0.0772,positivo,twitter
Etica,0.0772,positivo,twitter
Automatizacion,0.4404,positivo,twitter
Futuro,0.4404,positivo,twitter
Empleo,0.4215,positivo,twitter
Automatizacion,0.4215,positivo,twitter
General,0.0,neutro,twitter
General,0.0,neutro,twitter
Empleo,0.0,neutro,twitter
Automatizacion,0.0,neutro,twitter
Automatizacion,0.9022,positivo,twitter
Automatizacion,0.4019,positivo,twitter
Automatizacion,0.5106,positivo,twitter
Futuro,0.5106,positivo,twitter
Automatizacion,0.4391,positivo,twitter
Futuro,0.4391,positivo,twitter
Empleo,0.8748,positivo,twitter
Automatizacion,0.8748,positivo,twitter
General,0.0,neutro,twitter
Empleo,0.0,neutro,twitter
Automatizacion,0.0,neutro,twitter
Futuro,0.0,neutro,twitter
Etica,0.0,neutro,twitter
General,0.296,positivo,twitter
Automatizacion,0.3612,positivo,twitter
Futuro,0.3612,positivo,twitter
Automatizacion,0.4939,positivo,twitter
Automatizacion,-0.3182,negativo,twitter
Automatizacion,0.0,neutro,twitter
Automatizacion,0.0,neutro,twitter
Futuro,0.0,neutro,twitter
Automatizacion,0.7096,positivo,twitter
Futuro,-0.1531,negativo,twitter
Empleo,0.5423,positivo,twitter
Economia,0.5423,positivo,twitter
General,0.34,positivo,twitter
Empleo,0.6597,positivo,twitter
Automatizacion,0.6597,positivo,twitter
Automatizacion,0.0,neutro,twitter
Futuro,0.0,neutro,twitter
Automatizacion,0.6597,positivo,twitter
Automatizacion,0.2732,positivo,twitter
Automatizacion,0.0,neutro,twitter
Futuro,0.0,neutro,twitter
Automatizacion,0.6908,positivo,twitter
Automatizacion,0.2023,positivo,twitter
General,0.0,neutro,twitter
Automatizacion,0.3612,positivo,twitter
Automatizacion,0.0,neutro,twitter
Futuro,0.0,neutro,twitter
Automatizacion,0.4767,positivo,twitter
Futuro,0.4767,positivo,twitter
Empleo,0.8074,positivo,twitter
Empleo,0.0,neutro,twitter
Automatizacion,0.0,neutro,twitter
General,0.0,neutro,twitter
Automatizacion,0.0,neutro,twitter
Productividad,0.2732,positivo,twitter
Automatizacion,0.0,neutro,twitter
Futuro,0.0,neutro,twitter
Automatizacion,0.0,neutro,twitter
Futuro,0.0,neutro,twitter
Automatizacion,0.4404,positivo,twitter
Empleo,0.0,neutro,twitter
Automatizacion,0.0,neutro,twitter
Futuro,0.0,neutro,twitter
Empleo,0.4404,positivo,twitter
Automatizacion,0.4404,positivo,twitter
General,0.0,neutro,twitter
General,0.0,neutro,twitter
Automatizacion,-0.2732,negativo,twitter
Etica,-0.2732,negativo,twitter
Automatizacion,0.4939,positivo,twitter
General,0.8834,positivo,twitter
Automatizacion,0.0,neutro,twitter
General,0.0,neutro,twitter
Automatizacion,0.0,neutro,twitter
Automatizacion,0.0772,positivo,twitter
Automatizacion,0.0,neutro,twitter
Automatizacion,0.0,neutro,twitter
Futuro,0.0,neutro,twitter
Automatizacion,0.0,neutro,twitter
Empleo,0.296,positivo,twitter
Automatizacion,0.296,positivo,twitter
Automatizacion,0.4404,positivo,twitter
Automatizacion,0.0,neutro,twitter
Futuro,0.0,neutro,twitter
Etica,0.0,neutro,twitter
Empleo,0.4215,positivo,twitter
Automatizacion,0.0,neutro,twitter
Futuro,0.0,neutro,twitter
Empleo,0.7003,positivo,twitter
Automatizacion,0.7003,positivo,twitter
Futuro,0.7003,positivo,twitter
Empleo,0.695,positivo,twitter
Productividad,0.695,positivo,twitter
Automatizacion,0.5574,positivo,twitter
Futuro,0.0,neutro,twitter
Automatizacion,0.0,neutro,twitter
Empleo,0.7003,positivo,twitter
General,0.0258,neutro,twitter
Empleo,0.6908,positivo,twitter
Automatizacion,0.6908,positivo,twitter
Automatizacion,0.6369,positivo,twitter
Empleo,0.0,neutro,twitter
Automatizacion,0.0,neutro,twitter
Etica,0.0,neutro,twitter
Automatizacion,0.765,positivo,twitter
Automatizacion,0.7184,positivo,twitter
General,0.0,neutro,twitter
Empleo,0.8126,positivo,twitter
Automatizacion,0.8126,positivo,twitter
Automatizacion,0.0,neutro,twitter
General,0.0,neutro,twitter
General,0.0,neutro,twitter
Automatizacion,-0.3182,negativo,twitter
Futuro,-0.3182,negativo,twitter
General,0.4404,positivo,twitter
General,0.0,neutro,twitter
Automatizacion,0.6705,positivo,twitter
Automatizacion,0.0,neutro,twitter
General,0.5267,positivo,twitter
Automatizacion,-0.6956,negativo,twitter
Automatizacion,0.4215,positivo,twitter
General,0.0,neutro,twitter
Futuro,0.0,neutro,twitter
Automatizacion,0.0516,positivo,twitter
Etica,0.0516,positivo,twitter
Automatizacion,0.4588,positivo,twitter
Automatizacion,0.0,neutro,twitter
Productividad,0.0,neutro,twitter
Productividad,0.0,neutro,twitter
Economia,0.0,neutro,twitter
General,0.4588,positivo,twitter
Futuro,0.0,neutro,twitter
Productividad,0.0,neutro,twitter
Automatizacion,0.0,neutro,twitter
Futuro,0.0,neutro,twitter
Automatizacion,0.4404,positivo,twitter
Automatizacion,0.875,positivo,twitter
Productividad,0.875,positivo,twitter
General,0.0,neutro,twitter
General,0.0,neutro,twitter
Empleo,0.4215,positivo,twitter
Automatizacion,0.4215,positivo,twitter
General,0.0,neutro,twitter
Empleo,0.4767,positivo,twitter
Empleo,0.4404,positivo,twitter
Automatizacion,0.4404,positivo,twitter
General,0.0,neutro,twitter
General,0.2263,positivo,twitter
General,0.0,neutro,twitter
General,-0.2023,negativo,twitter
Automatizacion,0.9532,positivo,twitter
Futuro,0.9532,positivo,twitter
Automatizacion,0.0,neutro,twitter
Automatizacion,0.0,neutro,twitter
Empleo,0.9618,positivo,twitter
Automatizacion,0.9618,positivo,twitter
Automatizacion,0.4588,positivo,twitter
Automatizacion,0.4767,positivo,twitter
General,-0.4215,negativo,twitter
Automatizacion,0.1779,positivo,twitter
Empleo,0.0,neutro,twitter
Automatizacion,0.0,neutro,twitter
Futuro,0.0,neutro,twitter
Etica,0.0,neutro,twitter
Automatizacion,0.0,neutro,twitter
Empleo,0.0,neutro,twitter
Automatizacion,0.0,neutro,twitter
Automatizacion,0.5267,positivo,twitter
Automatizacion,0.0,neutro,twitter
Automatizacion,0.3818,positivo,twitter
Empleo,0.8035,positivo,twitter
Automatizacion,0.8035,positivo,twitter
Empleo,0.8834,positivo,twitter
Etica,0.8834,positivo,twitter
Automatizacion,0.0516,positivo,twitter
Empleo,0.0,neutro,twitter
Automatizacion,0.0,neutro,twitter
Empleo,0.4215,positivo,twitter
Empleo,0.2263,positivo,twitter
General,0.0,neutro,twitter
Automatizacion,0.507,positivo,twitter
Empleo,0.0,neutro,twitter
Automatizacion,0.0,neutro,twitter
Empleo,0.5859,positivo,twitter
Automatizacion,0.5859,positivo,twitter
Automatizacion,0.4215,positivo,twitter
Empleo,0.4588,positivo,twitter
Automatizacion,0.4588,positivo,twitter
General,0.7003,positivo,twitter
General,-0.3612,negativo,twitter
Automatizacion,0.6808,positivo,twitter
Automatizacion,0.4404,positivo,twitter
Etica,0.4404,positivo,twitter
Automatizacion,0.0,neutro,twitter
Empleo,0.0,neutro,twitter
Automatizacion,0.0,neutro,twitter
Automatizacion,-0.0258,neutro,twitter
Automatizacion,0.1779,positivo,twitter
Futuro,0.1779,positivo,twitter
Automatizacion,0.7003,positivo,twitter
General,0.5859,positivo,twitter
Empleo,0.6249,positivo,twitter
Automatizacion,0.6249,positivo,twitter
Etica,-0.3182,negativo,twitter
General,0.0,neutro,twitter
Automatizacion,0.6124,positivo,twitter
Empleo,-0.4404,negativo,twitter
Automatizacion,0.0,neutro,twitter
Futuro,0.0,neutro,twitter
Empleo,0.0,neutro,twitter
General,0.0,neutro,twitter
Automatizacion,0.4404,positivo,twitter
General,0.0,neutro,twitter
Etica,-0.1027,negativo,twitter
Automatizacion,0.0,neutro,twitter
Empleo,0.3818,positivo,twitter
Automatizacion,0.3818,positivo,twitter
Automatizacion,0.6597,positivo,twitter
Automatizacion,0.0,neutro,twitter
Empleo,0.7003,positivo,twitter
Automatizacion,0.7003,positivo,twitter
Automatizacion,0.0,neutro,twitter
Automatizacion,0.6486,positivo,twitter
Empleo,0.6597,positivo,twitter
Automatizacion,0.6597,positivo,twitter
General,0.2732,positivo,twitter
Automatizacion,0.4404,positivo,twitter
Automatizacion,0.4404,positivo,twitter
Productividad,0.4939,positivo,twitter
Etica,0.4939,positivo,twitter
Empleo,0.0,neutro,twitter
Automatizacion,0.0,neutro,twitter
Empleo,0.7003,positivo,twitter
Productividad,0.7003,positivo,twitter
Automatizacion,0.4404,positivo,twitter
Automatizacion,0.0,neutro,twitter
General,0.0,neutro,twitter
Empleo,0.4019,positivo,twitter
Automatizacion,0.4019,positivo,twitter
Futuro,0.4019,positivo,twitter
Etica,0.4019,positivo,twitter
Empleo,0.4767,positivo,twitter
Automatizacion,0.4767,positivo,twitter
Automatizacion,0.2023,positivo,twitter
Etica,0.2023,positivo,twitter
General,0.8074,positivo,twitter
General,0.6369,positivo,twitter
Empleo,0.7003,positivo,twitter
Automatizacion,0.7003,positivo,twitter
General,0.4404,positivo,twitter
Empleo,0.0,neutro,twitter
Automatizacion,0.0,neutro,twitter
General,0.0,neutro,twitter
Automatizacion,0.0,neutro,twitter
Futuro,0.0,neutro,twitter
Empleo,0.0,neutro,twitter
Automatizacion,0.0,neutro,twitter
Automatizacion,0.0,neutro,twitter
Automatizacion,0.128,positivo,twitter
General,0.0,neutro,twitter
Automatizacion,0.0,neutro,twitter
General,-0.0516,negativo,twitter
Productividad,0.3818,positivo,twitter
Economia,0.3818,positivo,twitter
Automatizacion,0.0,neutro,twitter
General,0.5106,positivo,twitter
Automatizacion,0.4588,positivo,twitter
General,0.3612,positivo,twitter
Automatizacion,0.4404,positivo,twitter
Automatizacion,0.0,neutro,twitter
Automatizacion,0.5719,positivo,twitter
General,0.0,neutro,twitter
Automatizacion,0.4767,positivo,twitter
General,0.0,neutro,twitter
Automatizacion,0.3182,positivo,twitter
Automatizacion,-0.7574,negativo,twitter
Automatizacion,0.5859,positivo,twitter
General,0.8402,positivo,twitter
Automatizacion,0.0,neutro,twitter
General,0.0,neutro,twitter
Empleo,0.3818,positivo,twitter
Empleo,0.2732,positivo,twitter
Automatizacion,0.2732,positivo,twitter
Automatizacion,0.0,neutro,twitter
Automatizacion,0.6249,positivo,twitter
Automatizacion,0.0,neutro,twitter
Automatizacion,-0.6369,negativo,twitter
Automatizacion,0.0,neutro,twitter
Empleo,0.7003,positivo,twitter
Automatizacion,0.7003,positivo,twitter
Empleo,0.4767,positivo,twitter
Automatizacion,0.4767,positivo,twitter
General,0.2023,positivo,twitter
Automatizacion,0.0,neutro,twitter
Futuro,0.0,neutro,twitter
Productividad,0.0,neutro,twitter
Automatizacion,0.4019,positivo,twitter
Futuro,0.4019,positivo,twitter
Automatizacion,0.4767,positivo,twitter
Automatizacion,0.0,neutro,twitter
General,0.4588,positivo,twitter
Automatizacion,0.0,neutro,twitter
Empleo,0.0,neutro,twitter
Automatizacion,0.0,neutro,twitter
Futuro,0.0,neutro,twitter
Empleo,0.5423,positivo,twitter
Automatizacion,0.5423,positivo,twitter
General,0.0,neutro,twitter
General,0.8934,positivo,twitter
General,0.0,neutro,twitter
Empleo,0.0,neutro,twitter
Automatizacion,0.0,neutro,twitter
General,0.0,neutro,twitter
Automatizacion,0.5106,positivo,twitter
Automatizacion,0.0,neutro,twitter
Futuro,0.0,neutro,twitter
Etica,0.0,neutro,twitter
Automatizacion,0.743,positivo,twitter
Automatizacion,0.0,neutro,twitter
General,0.3818,positivo,twitter
Automatizacion,-0.1531,negativo,twitter
Futuro,-0.1531,negativo,twitter
Futuro,0.2023,positivo,twitter
Futuro,0.3818,positivo,twitter
Etica,0.3818,positivo,twitter
Automatizacion,0.0,neutro,twitter
Futuro,0.0,neutro,twitter
Automatizacion,0.0,neutro,twitter
Empleo,0.0,neutro,twitter
Automatizacion,0.0,neutro,twitter
Futuro,0.0,neutro,twitter
Empleo,-0.5859,negativo,twitter
Automatizacion,-0.5859,negativo,twitter
Automatizacion,0.5859,positivo,twitter
Automatizacion,0.4019,positivo,twitter
Automatizacion,0.4767,positivo,twitter
Automatizacion,0.4215,positivo,twitter
Automatizacion,0.7845,positivo,twitter
Automatizacion,0.0,neutro,twitter
General,0.7506,positivo,twitter
Empleo,0.0,neutro,twitter
Automatizacion,0.0,neutro,twitter
Futuro,0.0,neutro,twitter
Etica,0.0,neutro,twitter
Automatizacion,0.3818,positivo,twitter
Automatizacion,0.0,neutro,twitter
Futuro,0.0,neutro,twitter
Automatizacion,-0.6597,negativo,twitter
Empleo,0.6705,positivo,twitter
Automatizacion,0.6705,positivo,twitter
Etica,0.6705,positivo,twitter
Automatizacion,0.3818,positivo,twitter
Futuro,0.3818,positivo,twitter
Productividad,0.3818,positivo,twitter
Automatizacion,-0.4019,negativo,twitter
Automatizacion,0.6369,positivo,twitter
General,0.2023,positivo,twitter
Empleo,0.0,neutro,twitter
Automatizacion,0.0,neutro,twitter
Futuro,0.0,neutro,twitter
Etica,0.0,neutro,twitter
General,0.6369,positivo,twitter
Automatizacion,0.0,neutro,twitter
Automatizacion,-0.296,negativo,twitter
Automatizacion,0.8908,positivo,twitter
Automatizacion,-0.4404,negativo,twitter
General,0.0,neutro,twitter
General,-0.7717,negativo,twitter
Automatizacion,0.4767,positivo,twitter
General,0.4404,positivo,twitter
Empleo,0.8271,positivo,twitter
Automatizacion,0.8271,positivo,twitter
General,0.2732,positivo,twitter
Futuro,0.0,neutro,twitter
Empleo,0.0,neutro,twitter
Automatizacion,0.0,neutro,twitter
Futuro,0.0,neutro,twitter
Automatizacion,0.8074,positivo,twitter
General,0.0,neutro,twitter
Empleo,0.8225,positivo,twitter
Automatizacion,0.8225,positivo,twitter
Automatizacion,-0.4588,negativo,twitter
Automatizacion,0.0,neutro,twitter
Empleo,0.6705,positivo,twitter
Automatizacion,0.6705,positivo,twitter
Etica,0.6705,positivo,twitter
Automatizacion,-0.4019,negativo,twitter
General,0.0,neutro,twitter
Automatizacion,0.7783,positivo,twitter
Futuro,0.7783,positivo,twitter
Futuro,0.2732,positivo,twitter
General,0.4588,positivo,twitter
Empleo,0.0,neutro,twitter
Automatizacion,0.0,neutro,twitter
Futuro,0.0,neutro,twitter
Etica,0.0,neutro,twitter
General,0.25,positivo,twitter
General,0.4767,positivo,twitter
General,0.0,neutro,twitter
General,0.0,neutro,twitter
Automatizacion,0.0,neutro,twitter
Automatizacion,0.0,neutro,twitter
Empleo,0.5267,positivo,twitter
Automatizacion,0.5267,positivo,twitter
Automatizacion,0.5267,positivo,twitter
Automatizacion,0.0,neutro,twitter
Futuro,-0.5859,negativo,twitter
Automatizacion,0.0,neutro,twitter
Automatizacion,0.4019,positivo,twitter
Futuro,0.0,neutro,twitter
General,0.5927,positivo,twitter
Empleo,0.0,neutro,twitter
General,0.3612,positivo,twitter
Empleo,0.0,neutro,twitter
Automatizacion,0.0,neutro,twitter
Empleo,0.9423,positivo,twitter
Futuro,0.9423,positivo,twitter
Automatizacion,0.0,neutro,twitter
General,0.7351,positivo,twitter
Empleo,0.128,positivo,twitter
Automatizacion,0.128,positivo,twitter
Economia,0.128,positivo,twitter
Automatizacion,0.836,positivo,twitter
Automatizacion,0.3612,positivo,twitter
General,0.296,positivo,twitter
General,0.0,neutro,twitter
General,0.0,neutro,twitter
Automatizacion,0.0,neutro,twitter
Automatizacion,0.3612,positivo,twitter
Futuro,0.3612,positivo,twitter
Automatizacion,0.0,neutro,twitter
Empleo,0.0,neutro,twitter
Automatizacion,0.6249,positivo,twitter
Automatizacion,0.7579,positivo,twitter
Automatizacion,0.0,neutro,twitter
General,0.0,neutro,twitter
General,0.0,neutro,twitter
Empleo,0.5994,positivo,twitter
Empleo,0.4404,positivo,twitter
Futuro,0.4404,positivo,twitter
Empleo,0.0,neutro,twitter
Empleo,0.6597,positivo,twitter
Automatizacion,0.6597,positivo,twitter
General,0.4404,positivo,twitter
Automatizacion,-0.3182,negativo,twitter
Automatizacion,0.0,neutro,twitter
Futuro,0.0,neutro,twitter
Empleo,0.3818,positivo,twitter
Automatizacion,0.3818,positivo,twitter
Automatizacion,0.4767,positivo,twitter
Automatizacion,0.6369,positivo,twitter
General,0.0,neutro,twitter
Automatizacion,0.34,positivo,twitter
Automatizacion,0.1531,positivo,twitter
Automatizacion,0.4404,positivo,twitter
Automatizacion,0.7184,positivo,twitter
General,0.0,neutro,twitter
Empleo,0.4767,positivo,twitter
Automatizacion,0.4767,positivo,twitter
General,-0.4767,negativo,twitter
General,0.0,neutro,twitter
Empleo,0.25,positivo,twitter
Automatizacion,0.25,positivo,twitter
Futuro,0.0258,neutro,twitter
Automatizacion,0.1779,positivo,twitter
Futuro,0.1779,positivo,twitter
Automatizacion,0.0,neutro,twitter
Automatizacion,0.8104,positivo,twitter
General,0.4215,positivo,twitter
General,0.5423,positivo,twitter
Empleo,0.0,neutro,twitter
Automatizacion,0.0,neutro,twitter
Empleo,0.0,neutro,twitter
Automatizacion,0.0,neutro,twitter
Etica,0.0,neutro,twitter
Automatizacion,0.0,neutro,twitter
General,0.0,neutro,twitter
General,0.3818,positivo,twitter
Empleo,0.6597,positivo,twitter
Automatizacion,0.6597,positivo,twitter
General,-0.4019,negativo,twitter
Etica,0.8176,positivo,twitter
Automatizacion,0.4588,positivo,twitter
Automatizacion,0.0,neutro,twitter
Automatizacion,0.0,neutro,twitter
Futuro,0.0,neutro,twitter
Automatizacion,0.4767,positivo,twitter
Automatizacion,0.6908,positivo,twitter
Futuro,0.6908,positivo,twitter
General,0.5574,positivo,twitter
Futuro,0.3818,positivo,twitter
General,0.936,positivo,twitter
Automatizacion,0.0,neutro,twitter
Futuro,0.0,neutro,twitter
Automatizacion,0.2263,positivo,twitter
Automatizacion,0.4939,positivo,twitter
Futuro,0.4939,positivo,twitter
Automatizacion,0.3818,positivo,twitter
Economia,0.3818,positivo,twitter
Productividad,0.4588,positivo,twitter
Automatizacion,0.4767,positivo,twitter
General,0.4215,positivo,twitter
Empleo,0.25,positivo,twitter
Automatizacion,0.25,positivo,twitter
Empleo,0.5927,positivo,twitter
Automatizacion,0.5927,positivo,twitter
Futuro,0.5927,positivo,twitter
General,0.4404,positivo,twitter
Empleo,0.4215,positivo,twitter
Automatizacion,0.4215,positivo,twitter
Empleo,0.0,neutro,twitter
Automatizacion,0.0,neutro,twitter
Automatizacion,0.0,neutro,twitter
General,0.1263,positivo,twitter
General,-0.6698,negativo,twitter
Automatizacion,0.8591,positivo,twitter
Productividad,0.8591,positivo,twitter
Automatizacion,0.0,neutro,twitter
Automatizacion,0.4767,positivo,twitter
Futuro,0.296,positivo,twitter
Automatizacion,0.0,neutro,twitter
Futuro,0.0,neutro,twitter
Economia,0.0,neutro,twitter
General,0.296,positivo,twitter
General,0.0772,positivo,twitter
Automatizacion,-0.3182,negativo,twitter
Futuro,-0.3182,negativo,twitter
Automatizacion,-0.34,negativo,twitter
Futuro,-0.34,negativo,twitter
Automatizacion,0.0,neutro,twitter
Futuro,0.0,neutro,twitter
General,0.4215,positivo,twitter
Automatizacion,0.3818,positivo,twitter
Empleo,0.0,neutro,twitter
Automatizacion,0.0,neutro,twitter
General,0.3818,positivo,twitter
Empleo,0.4215,positivo,twitter
Automatizacion,0.4215,positivo,twitter
Empleo,0.7003,positivo,twitter
Automatizacion,0.7003,positivo,twitter
General,0.8807,positivo,twitter
Automatizacion,0.3182,positivo,twitter
Automatizacion,0.25,positivo,twitter
Empleo,-0.34,negativo,twitter
Automatizacion,-0.34,negativo,twitter
Automatizacion,0.0,neutro,twitter
Automatizacion,0.4404,positivo,twitter
General,0.2263,positivo,twitter
Empleo,0.5106,positivo,twitter
Automatizacion,0.5106,positivo,twitter
Automatizacion,0.2732,positivo,twitter
General,0.0,neutro,twitter
Empleo,0.8945,positivo,twitter
Futuro,0.8945,positivo,twitter
Automatizacion,0.0,neutro,twitter
Automatizacion,0.0,neutro,twitter
Futuro,0.0,neutro,twitter
Empleo,0.4215,positivo,twitter
Automatizacion,0.4215,positivo,twitter
General,0.1779,positivo,twitter
General,-0.128,negativo,twitter
General,-0.25,negativo,twitter
Automatizacion,0.4767,positivo,twitter
Automatizacion,0.4404,positivo,twitter
Futuro,0.4404,positivo,twitter
General,0.0,neutro,twitter
Automatizacion,0.6808,positivo,twitter
Empleo,0.0,neutro,twitter
Automatizacion,0.0,neutro,twitter
Futuro,0.0,neutro,twitter
Etica,0.0,neutro,twitter
General,0.802,positivo,twitter
Automatizacion,0.3818,positivo,twitter
Productividad,0.3818,positivo,twitter
Empleo,0.4404,positivo,twitter
Automatizacion,-0.4215,negativo,twitter
Automatizacion,0.25,positivo,twitter
Futuro,0.25,positivo,twitter
General,-0.4404,negativo,twitter
Automatizacion,0.5994,positivo,twitter
Economia,0.5994,positivo,twitter
General,0.5106,positivo,twitter
Empleo,0.6369,positivo,twitter
Futuro,0.6369,positivo,twitter
Empleo,0.1027,positivo,twitter
Automatizacion,0.1027,positivo,twitter
Futuro,0.1027,positivo,twitter
Etica,0.1027,positivo,twitter
Empleo,0.3818,positivo,twitter
Automatizacion,0.3818,positivo,twitter
Economia,0.3818,positivo,twitter
Empleo,0.4588,positivo,twitter
Automatizacion,0.4588,positivo,twitter
Futuro,0.4588,positivo,twitter
Empleo,0.25,positivo,twitter
Automatizacion,0.25,positivo,twitter
General,0.7906,positivo,twitter
Automatizacion,0.4404,positivo,twitter
Futuro,0.4404,positivo,twitter
Futuro,0.4939,positivo,twitter
General,0.0243,neutro,twitter
Futuro,0.0,neutro,twitter
General,0.0,neutro,twitter
Automatizacion,0.0,neutro,twitter
General,0.4019,positivo,twitter
Empleo,0.0,neutro,twitter
General,0.296,positivo,twitter
General,0.2732,positivo,twitter
Automatizacion,0.0,neutro,twitter
General,0.25,positivo,twitter
Automatizacion,0.5859,positivo,twitter
General,0.2705,positivo,twitter
Automatizacion,0.0,neutro,twitter
General,0.0,neutro,twitter
General,-0.7717,negativo,twitter
General,0.0,neutro,twitter
Empleo,0.1139,positivo,twitter
Automatizacion,0.1139,positivo,twitter
Automatizacion,0.4404,positivo,twitter
Etica,0.4404,positivo,twitter
General,-0.5574,negativo,twitter
Automatizacion,0.0,neutro,twitter
Automatizacion,-0.3182,negativo,twitter
Futuro,-0.3182,negativo,twitter
General,0.0,neutro,twitter
Automatizacion,0.3818,positivo,twitter
Futuro,0.3818,positivo,twitter
Automatizacion,0.3818,positivo,twitter
Futuro,0.0,neutro,twitter
Automatizacion,0.0,neutro,twitter
Futuro,0.0,neutro,twitter
Empleo,0.34,positivo,twitter
Automatizacion,0.34,positivo,twitter
Automatizacion,0.0,neutro,twitter
Futuro,0.0,neutro,twitter
Empleo,0.4767,positivo,twitter
Automatizacion,-0.3818,negativo,twitter
Automatizacion,0.0,neutro,twitter
Futuro,0.0,neutro,twitter
Automatizacion,0.0,neutro,twitter
Empleo,-0.4939,negativo,twitter
Automatizacion,-0.4939,negativo,twitter
Futuro,-0.4939,negativo,twitter
Etica,-0.4939,negativo,twitter
Futuro,0.3818,positivo,twitter
Automatizacion,0.3818,positivo,twitter
Automatizacion,0.0,neutro,twitter
Futuro,0.0,neutro,twitter
Automatizacion,0.0,neutro,twitter
Automatizacion,0.0,neutro,twitter
General,0.4767,positivo,twitter
Economia,0.3818,positivo,twitter
Empleo,0.0,neutro,twitter
Automatizacion,0.0,neutro,twitter
Empleo,0.8297,positivo,twitter
Automatizacion,0.8297,positivo,twitter
Automatizacion,0.0,neutro,twitter
General,0.8126,positivo,twitter
Empleo,0.0,neutro,twitter
Automatizacion,0.0,neutro,twitter
Futuro,0.0,neutro,twitter
Etica,0.0,neutro,twitter
Automatizacion,0.0,neutro,twitter
Futuro,0.0,neutro,twitter
Automatizacion,0.0,neutro,twitter
Automatizacion,0.0,neutro,twitter
Automatizacion,0.0,neutro,twitter
Automatizacion,0.4404,positivo,twitter
Automatizacion,0.4404,positivo,twitter
Automatizacion,0.6369,positivo,twitter
Automatizacion,0.7184,positivo,twitter
Empleo,0.1154,positivo,twitter
Futuro,0.1154,positivo,twitter
Automatizacion,0.6369,positivo,twitter
General,-0.1027,negativo,twitter
General,0.0,neutro,twitter
Automatizacion,0.7351,positivo,twitter
Futuro,0.0,neutro,twitter
Etica,0.0,neutro,twitter
Automatizacion,0.0,neutro,twitter
Automatizacion,0.0,neutro,twitter
Empleo,0.2732,positivo,twitter
Automatizacion,0.2732,positivo,twitter
Empleo,0.6249,positivo,twitter
Automatizacion,0.6249,positivo,twitter
Futuro,0.6249,positivo,twitter
Etica,0.6249,positivo,twitter
General,0.0,neutro,twitter
Automatizacion,0.5106,positivo,twitter
Empleo,0.5423,positivo,twitter
Economia,0.5423,positivo,twitter
Automatizacion,0.0,neutro,twitter
Automatizacion,0.6369,positivo,twitter
General,0.3612,positivo,twitter
General,0.0,neutro,twitter
Automatizacion,0.0,neutro,twitter
Automatizacion,0.0,neutro,twitter
Economia,0.0,neutro,twitter
Futuro,0.3818,positivo,twitter
General,0.0,neutro,twitter
General,0.0,neutro,twitter
General,-0.296,negativo,twitter
Automatizacion,0.4588,positivo,twitter
Futuro,0.4588,positivo,twitter
Automatizacion,0.0516,positivo,twitter
Etica,0.0516,positivo,twitter
Empleo,0.0,neutro,twitter
Automatizacion,0.0,neutro,twitter
Automatizacion,0.4588,positivo,twitter
Empleo,0.6908,positivo,twitter
Automatizacion,0.6908,positivo,twitter
Productividad,0.6908,positivo,twitter
Automatizacion,0.4404,positivo,twitter
Automatizacion,0.2023,positivo,twitter
Futuro,0.2023,positivo,twitter
Etica,0.2023,positivo,twitter
Automatizacion,0.0,neutro,twitter
Empleo,0.6908,positivo,twitter
Automatizacion,0.6908,positivo,twitter
Empleo,0.4215,positivo,twitter
Automatizacion,0.4215,positivo,twitter
Automatizacion,0.4767,positivo,twitter
Futuro,0.4767,positivo,twitter
General,0.0,neutro,twitter
General,0.0772,positivo,twitter
Empleo,0.0,neutro,twitter
Automatizacion,0.0,neutro,twitter
Empleo,0.4588,positivo,twitter
Automatizacion,0.4588,positivo,twitter
Automatizacion,0.0,neutro,twitter
Futuro,0.0,neutro,twitter
General,0.0,neutro,twitter
Automatizacion,-0.6249,negativo,twitter
General,0.34,positivo,twitter
Futuro,0.0,neutro,twitter
Automatizacion,0.0,neutro,twitter
General,0.3612,positivo,twitter
General,0.0,neutro,twitter
General,0.2716,positivo,twitter
Productividad,0.34,positivo,twitter
Automatizacion,0.0,neutro,twitter
Futuro,0.0,neutro,twitter
Empleo,0.6124,positivo,twitter
Automatizacion,0.6124,positivo,twitter
Automatizacion,-0.2732,negativo,twitter
Automatizacion,0.0,neutro,twitter
Empleo,0.0,neutro,twitter
Automatizacion,0.0,neutro,twitter
General,0.0,neutro,twitter
Automatizacion,0.4215,positivo,twitter
Productividad,0.8074,positivo,twitter
General,-0.4404,negativo,twitter
Automatizacion,0.5719,positivo,twitter
General,0.0,neutro,twitter
Automatizacion,0.4404,positivo,twitter
Automatizacion,0.6597,positivo,twitter
Automatizacion,0.5719,positivo,twitter
Automatizacion,0.0,neutro,twitter
Automatizacion,0.0,neutro,twitter
Automatizacion,0.0,neutro,twitter
Futuro,0.0,neutro,twitter
Automatizacion,0.0,neutro,twitter
Futuro,0.0,neutro,twitter
Economia,0.0,neutro,twitter
Empleo,0.0,neutro,twitter
Automatizacion,0.0,neutro,twitter
Automatizacion,0.6115,positivo,twitter
Automatizacion,0.0,neutro,twitter
General,0.0,neutro,twitter
Automatizacion,0.6597,positivo,twitter
General,-0.0258,neutro,twitter
Automatizacion,0.0,neutro,twitter
General,0.0,neutro,twitter
Automatizacion,-0.0772,negativo,twitter
Automatizacion,0.0,neutro,twitter
Empleo,0.5267,positivo,twitter
Automatizacion,0.5267,positivo,twitter
Futuro,0.5267,positivo,twitter
Futuro,0.4767,positivo,twitter
Automatizacion,0.6808,positivo,twitter
Etica,0.6808,positivo,twitter
Empleo,0.0,neutro,twitter
Automatizacion,0.0,neutro,twitter
Futuro,0.0,neutro,twitter
Etica,0.0,neutro,twitter
Automatizacion,0.1531,positivo,twitter
Automatizacion,0.2023,positivo,twitter
General,0.0,neutro,twitter
Empleo,0.0,neutro,twitter
Automatizacion,0.4019,positivo,twitter
Automatizacion,-0.1027,negativo,twitter
Futuro,-0.1027,negativo,twitter
Automatizacion,0.0,neutro,twitter
General,0.6705,positivo,twitter
Automatizacion,0.2732,positivo,twitter
Automatizacion,0.7717,positivo,twitter
Futuro,0.7717,positivo,twitter
Futuro,0.296,positivo,twitter
General,0.34,positivo,twitter
General,0.3818,positivo,twitter
General,0.7184,positivo,twitter
Automatizacion,0.7845,positivo,twitter
Etica,0.7845,positivo,twitter
Empleo,0.0,neutro,twitter
Automatizacion,0.5719,positivo,twitter
General,0.0,neutro,twitter
Empleo,0.4215,positivo,twitter
Automatizacion,0.4215,positivo,twitter
Etica,0.4215,positivo,twitter
Automatizacion,-0.1531,negativo,twitter
Etica,-0.1531,negativo,twitter
Economia,-0.1531,negativo,twitter
Automatizacion,0.4767,positivo,twitter
Automatizacion,0.0,neutro,twitter
Empleo,0.2062,positivo,twitter
Automatizacion,0.2062,positivo,twitter
Futuro,0.2062,positivo,twitter
Productividad,0.2062,positivo,twitter
General,0.0,neutro,twitter
Automatizacion,0.0,neutro,twitter
Automatizacion,0.6597,positivo,twitter
Automatizacion,0.4927,positivo,twitter
General,0.0,neutro,twitter
Automatizacion,0.0,neutro,twitter
Futuro,0.0,neutro,twitter
General,0.4767,positivo,twitter
General,-0.3612,negativo,twitter
Automatizacion,0.5984,positivo,twitter
Futuro,0.5984,positivo,twitter
General,0.0,neutro,twitter
Automatizacion,0.0,neutro,twitter
Empleo,0.4404,positivo,twitter
Automatizacion,0.4404,positivo,twitter
General,-0.0516,negativo,twitter
General,0.128,positivo,twitter
Automatizacion,0.0,neutro,twitter
Futuro,0.0,neutro,twitter
General,0.3182,positivo,twitter
Automatizacion,0.5106,positivo,twitter
Automatizacion,0.1779,positivo,twitter
Automatizacion,0.8519,positivo,twitter
Automatizacion,0.0,neutro,twitter
Empleo,0.0,neutro,twitter
Automatizacion,0.0,neutro,twitter
Futuro,0.0,neutro,twitter
Automatizacion,0.0,neutro,twitter
General,0.5423,positivo,twitter
Automatizacion,0.0,neutro,twitter
Futuro,0.0,neutro,twitter
Automatizacion,0.4588,positivo,twitter
Automatizacion,-0.296,negativo,twitter
Automatizacion,0.0,neutro,twitter
Empleo,-0.4215,negativo,twitter
Automatizacion,-0.4215,negativo,twitter
General,0.8126,positivo,twitter
Empleo,0.0,neutro,twitter
Automatizacion,0.0,neutro,twitter
Empleo,0.7717,positivo,twitter
Automatizacion,0.7717,positivo,twitter
General,0.0,neutro,twitter
Empleo,0.4215,positivo,twitter
Automatizacion,0.0,neutro,twitter
General,0.0,neutro,twitter
Empleo,0.7184,positivo,twitter
Automatizacion,0.7184,positivo,twitter
General,-0.3182,negativo,twitter
Automatizacion,0.8591,positivo,twitter
Automatizacion,0.0,neutro,twitter
Automatizacion,0.0,neutro,twitter
Futuro,0.0,neutro,twitter
Automatizacion,0.0,neutro,twitter
Futuro,-0.5859,negativo,twitter
Automatizacion,0.6597,positivo,twitter
Automatizacion,-0.4019,negativo,twitter
Futuro,-0.4019,negativo,twitter
Automatizacion,0.7845,positivo,twitter
General,0.0,neutro,twitter
General,0.0,neutro,twitter
Empleo,0.0,neutro,twitter
Automatizacion,0.0,neutro,twitter
Futuro,0.0,neutro,twitter
Etica,0.0,neutro,twitter
Empleo,0.0,neutro,twitter
Automatizacion,0.0,neutro,twitter
Futuro,0.0,neutro,twitter
Etica,0.0,neutro,twitter
Automatizacion,0.5267,positivo,twitter
General,0.34,positivo,twitter
Automatizacion,0.4404,positivo,twitter
Economia,0.0613,positivo,twitter
Automatizacion,0.4019,positivo,twitter
General,0.0,neutro,twitter
Empleo,0.296,positivo,twitter
Automatizacion,0.296,positivo,twitter
Futuro,0.296,positivo,twitter
Etica,0.296,positivo,twitter
Automatizacion,0.6486,positivo,twitter
General,0.6908,positivo,twitter
Automatizacion,-0.34,negativo,twitter
Empleo,0.0,neutro,twitter
Automatizacion,0.0,neutro,twitter
General,0.4404,positivo,twitter
General,0.4767,positivo,twitter
Automatizacion,0.0,neutro,twitter
Automatizacion,0.4588,positivo,twitter
Automatizacion,0.0,neutro,twitter
Futuro,0.0,neutro,twitter
Automatizacion,0.4215,positivo,twitter
General,0.0,neutro,twitter
Automatizacion,0.5647,positivo,twitter
General,0.0,neutro,twitter
Empleo,0.0,neutro,twitter
Automatizacion,0.0,neutro,twitter
General,0.0,neutro,twitter
Empleo,0.4215,positivo,twitter
Automatizacion,0.4215,positivo,twitter
Automatizacion,0.4404,positivo,twitter
Empleo,0.0,neutro,twitter
Automatizacion,0.6369,positivo,twitter
Automatizacion,0.743,positivo,twitter
Economia,-0.4019,negativo,twitter
General,0.6997,positivo,twitter
Automatizacion,0.6597,positivo,twitter
Automatizacion,-0.5267,negativo,twitter
Automatizacion,0.6597,positivo,twitter
General,0.4404,positivo,twitter
Automatizacion,0.0,neutro,twitter
Futuro,0.0,neutro,twitter
Automatizacion,0.0,neutro,twitter
Futuro,0.0,neutro,twitter
Automatizacion,0.7506,positivo,twitter
Automatizacion,0.34,positivo,twitter
Etica,0.34,positivo,twitter
Empleo,0.6997,positivo,twitter
Automatizacion,0.6997,positivo,twitter
Futuro,0.6997,positivo,twitter
Etica,0.6997,positivo,twitter
Futuro,0.0,neutro,twitter
Automatizacion,0.4215,positivo,twitter
Futuro,0.4215,positivo,twitter
Empleo,0.0,neutro,twitter
Automatizacion,0.4588,positivo,twitter
Futuro,0.4588,positivo,twitter
Empleo,0.0,neutro,twitter
Automatizacion,0.0,neutro,twitter
Empleo,0.0,neutro,twitter
Automatizacion,0.0,neutro,twitter
Futuro,0.0,neutro,twitter
Automatizacion,0.0,neutro,twitter
Automatizacion,0.743,positivo,twitter
Futuro,0.743,positivo,twitter
Empleo,0.0,neutro,twitter
Automatizacion,0.0,neutro,twitter
Futuro,0.0,neutro,twitter
General,0.0,neutro,twitter
Automatizacion,0.0,neutro,twitter
Futuro,0.0,neutro,twitter
General,0.0,neutro,twitter
General,0.5267,positivo,twitter
General,0.0,neutro,twitter
Automatizacion,0.0,neutro,twitter
Empleo,0.7096,positivo,twitter
Automatizacion,0.7096,positivo,twitter
Empleo,0.4404,positivo,twitter
Automatizacion,0.4404,positivo,twitter
General,0.0,neutro,twitter
General,0.2023,positivo,twitter
Empleo,0.2023,positivo,twitter
Automatizacion,0.2023,positivo,twitter
Automatizacion,0.7717,positivo,twitter
Futuro,0.7717,positivo,twitter
General,0.25,positivo,twitter
Automatizacion,-0.3612,negativo,twitter
Automatizacion,0.0,neutro,twitter
Empleo,0.0,neutro,twitter
Automatizacion,0.0,neutro,twitter
Futuro,0.0,neutro,twitter
Etica,0.0,neutro,twitter
Empleo,-0.3274,negativo,twitter
Automatizacion,-0.3274,negativo,twitter
General,0.3818,positivo,twitter
Empleo,0.4767,positivo,twitter
Automatizacion,0.4767,positivo,twitter
General,0.0,neutro,twitter
Automatizacion,0.5719,positivo,twitter
General,0.0,neutro,twitter
Empleo,0.0,neutro,twitter
Automatizacion,0.0,neutro,twitter
Futuro,0.0,neutro,twitter
General,0.0,neutro,twitter
Empleo,0.3612,positivo,twitter
Automatizacion,0.3612,positivo,twitter
Automatizacion,0.0,neutro,twitter
Automatizacion,-0.04,neutro,twitter
Empleo,0.4404,positivo,twitter
Automatizacion,0.4404,positivo,twitter
General,0.0,neutro,twitter
Empleo,0.0,neutro,twitter
General,0.5423,positivo,twitter
Automatizacion,0.25,positivo,twitter
Empleo,0.6597,positivo,twitter
Automatizacion,0.6597,positivo,twitter
Automatizacion,0.7845,positivo,twitter
Productividad,0.7845,positivo,twitter
Etica,0.7845,positivo,twitter
Automatizacion,0.2023,positivo,twitter
Etica,0.2023,positivo,twitter
General,0.0,neutro,twitter
Empleo,0.4019,positivo,twitter
Automatizacion,0.4019,positivo,twitter
Automatizacion,-0.6369,negativo,twitter
Automatizacion,0.4404,positivo,twitter
Futuro,0.4404,positivo,twitter
Empleo,0.0,neutro,twitter
Automatizacion,0.0,neutro,twitter
Automatizacion,0.0,neutro,twitter
Empleo,0.4215,positivo,twitter
Automatizacion,0.4215,positivo,twitter
Automatizacion,0.0,neutro,twitter
Automatizacion,0.0,neutro,twitter
Futuro,0.0,neutro,twitter
Automatizacion,0.6597,positivo,twitter
Automatizacion,-0.6486,negativo,twitter
Futuro,-0.6486,negativo,twitter
Empleo,0.0,neutro,twitter
Automatizacion,0.0,neutro,twitter
Automatizacion,0.128,positivo,twitter
General,0.6486,positivo,twitter
Empleo,0.0,neutro,twitter
Automatizacion,0.0,neutro,twitter
Futuro,0.0,neutro,twitter
Etica,0.0,neutro,twitter
General,-0.4215,negativo,twitter
General,0.0,neutro,twitter
Automatizacion,0.4939,positivo,twitter
Automatizacion,0.0,neutro,twitter
Futuro,0.0,neutro,twitter
Automatizacion,0.5574,positivo,twitter
Empleo,0.0,neutro,twitter
Automatizacion,0.0,neutro,twitter
General,0.0,neutro,twitter
General,0.0,neutro,twitter
General,0.2732,positivo,twitter
Automatizacion,-0.25,negativo,twitter
General,0.0,neutro,twitter
Automatizacion,0.34,positivo,twitter
Empleo,0.0,neutro,twitter
Automatizacion,0.0,neutro,twitter
Futuro,0.0,neutro,twitter
Empleo,-0.6369,negativo,twitter
Automatizacion,-0.6369,negativo,twitter
Futuro,-0.6369,negativo,twitter
Etica,-0.6369,negativo,twitter
Automatizacion,0.7891,positivo,twitter
Economia,-0.4019,negativo,twitter
Empleo,0.5423,positivo,twitter
Economia,0.5423,positivo,twitter
Etica,0.7003,positivo,twitter
Automatizacion,0.0,neutro,twitter
Automatizacion,0.0,neutro,twitter
Futuro,0.0,neutro,twitter
Automatizacion,0.4404,positivo,twitter
General,-0.0098,neutro,twitter
Empleo,0.0,neutro,twitter
Automatizacion,0.0,neutro,twitter
Automatizacion,0.2023,positivo,twitter
Empleo,0.5423,positivo,twitter
Automatizacion,0.5423,positivo,twitter
General,0.0,neutro,twitter
General,0.0,neutro,twitter
Empleo,0.2732,positivo,twitter
Automatizacion,0.2732,positivo,twitter
Economia,-0.8074,negativo,twitter
General,-0.3612,negativo,twitter
Automatizacion,0.0,neutro,twitter
Automatizacion,0.5574,positivo,twitter
Empleo,0.6369,positivo,twitter
Automatizacion,0.6369,positivo,twitter
Empleo,0.4215,positivo,twitter
General,0.3612,positivo,twitter
Automatizacion,0.0,neutro,twitter
Empleo,0.0,neutro,twitter
Automatizacion,0.0,neutro,twitter
Futuro,0.0,neutro,twitter
General,0.4404,positivo,reddit
Empleo,-0.2052,negativo,reddit
Empleo,-0.875,negativo,reddit
Futuro,-0.875,negativo,reddit
Productividad,-0.875,negativo,reddit
Empleo,0.5699,positivo,reddit
Empleo,0.4452,positivo,reddit
Automatizacion,0.4452,positivo,reddit
Empleo,0.0859,positivo,reddit
Automatizacion,0.0859,positivo,reddit
General,0.0516,positivo,reddit
Productividad,-0.1298,negativo,reddit
Empleo,0.7588,positivo,reddit
Futuro,0.7588,positivo,reddit
Economia,0.7588,positivo,reddit
General,-0.296,negativo,reddit
Empleo,0.0,neutro,reddit
Empleo,0.0,neutro,reddit
Empleo,0.3508,positivo,reddit
Futuro,0.3508,positivo,reddit
Productividad,0.3508,positivo,reddit
Economia,0.3508,positivo,reddit
Automatizacion,0.8957,positivo,reddit
Futuro,0.8957,positivo,reddit
Empleo,-0.6599,negativo,reddit
Automatizacion,-0.6599,negativo,reddit
Futuro,-0.6599,negativo,reddit
Economia,-0.6599,negativo,reddit
Empleo,0.2716,positivo,reddit
Automatizacion,0.2716,positivo,reddit
Empleo,0.1857,positivo,reddit
Empleo,0.8231,positivo,reddit
Automatizacion,0.8231,positivo,reddit
Etica,0.8231,positivo,reddit
Empleo,0.0,neutro,reddit
Empleo,0.0,neutro,reddit
Empleo,-0.7184,negativo,reddit
General,-0.25,negativo,reddit
General,0.6486,positivo,reddit
Empleo,-0.5556,negativo,reddit
Automatizacion,-0.5556,negativo,reddit
General,0.4449,positivo,reddit
Empleo,0.1779,positivo,reddit
Automatizacion,0.1779,positivo,reddit
Empleo,0.7274,positivo,reddit
General,0.3818,positivo,reddit
General,-0.0094,neutro,reddit
General,0.7259,positivo,reddit
Automatizacion,0.4588,positivo,reddit
General,-0.296,negativo,reddit
General,-0.296,negativo,reddit
Empleo,0.2732,positivo,reddit
Empleo,-0.4475,negativo,reddit
Automatizacion,-0.4475,negativo,reddit
Productividad,-0.4475,negativo,reddit
General,0.0,neutro,reddit
Empleo,-0.5927,negativo,reddit
General,-0.3919,negativo,reddit
Empleo,-0.2942,negativo,reddit
Empleo,0.7349,positivo,reddit
Automatizacion,0.7349,positivo,reddit
General,0.5423,positivo,reddit
Empleo,0.814,positivo,reddit
Empleo,-0.0772,negativo,reddit
General,-0.296,negativo,reddit
General,0.7003,positivo,reddit
Empleo,0.7964,positivo,reddit
Futuro,0.7964,positivo,reddit
Empleo,-0.7783,negativo,reddit
Empleo,0.3998,positivo,reddit
Automatizacion,0.3998,positivo,reddit
General,-0.296,negativo,reddit
Empleo,0.3102,positivo,reddit
Automatizacion,0.3102,positivo,reddit
Empleo,0.3612,positivo,reddit
Empleo,0.9916,positivo,reddit
Etica,0.9916,positivo,reddit
Empleo,0.4404,positivo,reddit
Automatizacion,0.4404,positivo,reddit
General,0.0531,positivo,reddit
Automatizacion,-0.6826,negativo,reddit
Productividad,-0.6826,negativo,reddit
Empleo,-0.8779,negativo,reddit
Futuro,-0.8779,negativo,reddit
Empleo,-0.7648,negativo,reddit
Automatizacion,-0.7648,negativo,reddit
Futuro,-0.7648,negativo,reddit
Economia,-0.7648,negativo,reddit
Empleo,0.7096,positivo,reddit
Futuro,0.7096,positivo,reddit
Productividad,0.7096,positivo,reddit
Etica,0.7096,positivo,reddit
Empleo,0.357,positivo,reddit
Automatizacion,0.357,positivo,reddit
Productividad,0.357,positivo,reddit
Etica,0.357,positivo,reddit
General,-0.296,negativo,reddit
Empleo,0.0,neutro,reddit
Empleo,0.1531,positivo,reddit
Automatizacion,0.0141,neutro,reddit
Empleo,0.9927,positivo,reddit
Automatizacion,0.9927,positivo,reddit
Futuro,0.9927,positivo,reddit
Productividad,0.9927,positivo,reddit
General,0.0,neutro,reddit
Empleo,0.3182,positivo,reddit
Etica,0.3182,positivo,reddit
Empleo,0.8442,positivo,reddit
Automatizacion,0.8442,positivo,reddit
Economia,0.8442,positivo,reddit
General,-0.4478,negativo,reddit
Empleo,0.6381,positivo,reddit
Empleo,0.0004,neutro,reddit
Empleo,-0.9423,negativo,reddit
Empleo,0.0,neutro,reddit
Empleo,0.7159,positivo,reddit
Empleo,0.0,neutro,reddit
Automatizacion,0.0,neutro,reddit
Empleo,0.0,neutro,reddit
Automatizacion,0.0,neutro,reddit
Empleo,-0.128,negativo,reddit
Empleo,0.0,neutro,reddit
Automatizacion,0.0,neutro,reddit
Futuro,0.0,neutro,reddit
Empleo,0.5302,positivo,reddit
Empleo,-0.5565,negativo,reddit
Automatizacion,-0.5565,negativo,reddit
Empleo,0.1548,positivo,reddit
General,-0.296,negativo,reddit
Empleo,0.9253,positivo,reddit
Automatizacion,0.9253,positivo,reddit
Etica,0.9253,positivo,reddit
Empleo,0.25,positivo,reddit
Futuro,0.25,positivo,reddit
General,0.9148,positivo,reddit
Empleo,0.0,neutro,reddit
Empleo,-0.296,negativo,reddit
General,0.3438,positivo,reddit
Empleo,0.5898,positivo,reddit
Automatizacion,0.5898,positivo,reddit
General,-0.296,negativo,reddit
General,0.5302,positivo,reddit
General,0.4563,positivo,reddit
Empleo,0.9446,positivo,reddit
Automatizacion,0.9446,positivo,reddit
Productividad,0.9446,positivo,reddit
Empleo,-0.5879,negativo,reddit
Productividad,-0.5879,negativo,reddit
General,-0.6808,negativo,reddit
General,-0.128,negativo,reddit
Empleo,0.9926,positivo,reddit
Automatizacion,0.9926,positivo,reddit
Futuro,0.9926,positivo,reddit
Economia,0.9926,positivo,reddit
Empleo,0.3551,positivo,reddit
Automatizacion,0.3551,positivo,reddit
Futuro,0.3551,positivo,reddit
Economia,0.3551,positivo,reddit
Empleo,-0.5423,negativo,reddit
Automatizacion,-0.5423,negativo,reddit
Empleo,-0.1027,negativo,reddit
Empleo,0.7003,positivo,reddit
General,-0.4767,negativo,reddit
General,0.0,neutro,reddit
General,-0.296,negativo,reddit
General,0.5149,positivo,reddit
Empleo,0.6808,positivo,reddit
Automatizacion,0.6808,positivo,reddit
General,0.3612,positivo,reddit
General,0.0516,positivo,reddit
Empleo,-0.4145,negativo,reddit
Futuro,-0.4145,negativo,reddit
Etica,-0.4145,negativo,reddit
General,-0.5574,negativo,reddit
General,0.0,neutro,reddit
General,0.0,neutro,reddit
General,0.5719,positivo,reddit
Empleo,-0.7184,negativo,reddit
Automatizacion,-0.7184,negativo,reddit
Empleo,0.0,neutro,reddit
General,0.4186,positivo,reddit
Empleo,-0.1027,negativo,reddit
Automatizacion,-0.1027,negativo,reddit
Etica,-0.1027,negativo,reddit
Economia,-0.1027,negativo,reddit
General,0.0258,neutro,reddit
General,0.1901,positivo,reddit
General,-0.7579,negativo,reddit
General,0.0,neutro,reddit
Empleo,0.3929,positivo,reddit
Empleo,0.0,neutro,reddit
General,0.2023,positivo,reddit
Empleo,0.8834,positivo,reddit
Economia,0.8834,positivo,reddit
Empleo,0.8126,positivo,reddit
Productividad,0.8126,positivo,reddit
Futuro,-0.1027,negativo,reddit
General,0.6124,positivo,reddit
Futuro,0.0,neutro,reddit
Empleo,0.7906,positivo,reddit
Productividad,0.7906,positivo,reddit
Economia,0.7906,positivo,reddit
Empleo,0.0,neutro,reddit
General,0.5574,positivo,reddit
Futuro,0.5574,positivo,reddit
Empleo,0.4588,positivo,reddit
General,-0.3182,negativo,reddit
Empleo,-0.4019,negativo,reddit
Empleo,-0.8315,negativo,reddit
Automatizacion,-0.8315,negativo,reddit
Empleo,-0.9659,negativo,reddit
Automatizacion,-0.9659,negativo,reddit
Futuro,-0.9659,negativo,reddit
Automatizacion,0.4215,positivo,reddit
General,0.0258,neutro,reddit
Empleo,0.5859,positivo,reddit
General,0.3412,positivo,reddit
Empleo,0.6187,positivo,reddit
Empleo,-0.3612,negativo,reddit
Automatizacion,-0.3612,negativo,reddit
Empleo,0.3976,positivo,reddit
Empleo,0.5263,positivo,reddit
Automatizacion,0.5263,positivo,reddit
Futuro,0.5263,positivo,reddit
General,-0.1772,negativo,reddit
General,-0.5574,negativo,reddit
General,-0.5574,negativo,reddit
General,0.1779,positivo,reddit
General,0.0,neutro,reddit
General,-0.5299,negativo,reddit
General,0.8195,positivo,reddit
Empleo,0.34,positivo,reddit
General,0.2023,positivo,reddit
Empleo,-0.1088,negativo,reddit
Economia,-0.1088,negativo,reddit
Futuro,0.9642,positivo,reddit
General,-0.4404,negativo,reddit
Empleo,-0.1027,negativo,reddit
General,-0.1695,negativo,reddit
Productividad,0.872,positivo,reddit
Economia,-0.2505,negativo,reddit
Empleo,-0.3935,negativo,reddit
Futuro,-0.3935,negativo,reddit
Empleo,0.0,neutro,reddit
Automatizacion,0.0,neutro,reddit
Empleo,0.0,neutro,reddit
Automatizacion,0.0,neutro,reddit
General,-0.4215,negativo,reddit
General,0.0,neutro,reddit
Automatizacion,0.4588,positivo,reddit
Automatizacion,0.4939,positivo,reddit
Economia,0.4939,positivo,reddit
Automatizacion,0.0,neutro,reddit
Automatizacion,0.4497,positivo,reddit
Economia,0.4497,positivo,reddit
General,0.0,neutro,reddit
General,-0.6848,negativo,reddit
Empleo,0.6652,positivo,reddit
General,0.0,neutro,reddit
General,0.0258,neutro,reddit
General,0.0,neutro,reddit
General,0.0,neutro,reddit
General,0.0,neutro,reddit
Empleo,0.418,positivo,reddit
Economia,0.418,positivo,reddit
General,0.8689,positivo,reddit
Empleo,0.09,positivo,reddit
General,-0.25,negativo,reddit
General,0.0,neutro,reddit
Empleo,0.2144,positivo,reddit
Automatizacion,0.2144,positivo,reddit
General,0.0,neutro,reddit
Empleo,0.6249,positivo,reddit
Automatizacion,0.6249,positivo,reddit
General,0.2263,positivo,reddit
Economia,-0.5984,negativo,reddit
General,0.7096,positivo,reddit
General,-0.5198,negativo,reddit
Empleo,0.802,positivo,reddit
Economia,0.802,positivo,reddit
Empleo,0.2535,positivo,reddit
Automatizacion,0.2535,positivo,reddit
General,0.0,neutro,reddit
General,-0.5574,negativo,reddit
General,0.3612,positivo,reddit
General,0.6469,positivo,reddit
General,0.0,neutro,reddit
General,0.6979,positivo,reddit
General,0.2924,positivo,reddit
Automatizacion,-0.0516,negativo,reddit
General,0.7506,positivo,reddit
General,0.4581,positivo,reddit
Empleo,0.4939,positivo,reddit
Futuro,0.4939,positivo,reddit
Productividad,0.4939,positivo,reddit
General,0.0,neutro,reddit
General,-0.7689,negativo,reddit
Empleo,0.8481,positivo,reddit
Futuro,0.8481,positivo,reddit
General,-0.3182,negativo,reddit
General,0.764,positivo,reddit
General,0.0,neutro,reddit
Empleo,0.1586,positivo,reddit
Economia,0.1586,positivo,reddit
Empleo,0.9955,positivo,reddit
Automatizacion,0.9955,positivo,reddit
Futuro,0.9955,positivo,reddit
Productividad,0.9955,positivo,reddit
Economia,0.9955,positivo,reddit
Futuro,-0.0516,negativo,reddit
Economia,-0.0516,negativo,reddit
Empleo,0.7539,positivo,reddit
Automatizacion,0.7539,positivo,reddit
Futuro,0.7539,positivo,reddit
Empleo,0.5007,positivo,reddit
Automatizacion,0.5007,positivo,reddit
Empleo,-0.8074,negativo,reddit
General,0.0772,positivo,reddit
General,0.0,neutro,reddit
Empleo,0.1901,positivo,reddit
Productividad,0.1901,positivo,reddit
Etica,0.1901,positivo,reddit
Empleo,-0.5402,negativo,reddit
General,0.705,positivo,reddit
General,0.3182,positivo,reddit
General,0.8106,positivo,reddit
Automatizacion,-0.7324,negativo,reddit
Empleo,-0.7964,negativo,reddit
Automatizacion,-0.7964,negativo,reddit
Futuro,-0.7964,negativo,reddit
Empleo,-0.7116,negativo,reddit
Automatizacion,-0.7116,negativo,reddit
Empleo,0.0,neutro,reddit
Empleo,0.6369,positivo,reddit
Automatizacion,0.6369,positivo,reddit
Empleo,0.9008,positivo,reddit
Empleo,0.4938,positivo,reddit
Empleo,0.5859,positivo,reddit
Empleo,0.6985,positivo,reddit
Futuro,0.6985,positivo,reddit
Economia,0.6985,positivo,reddit
Empleo,-0.5106,negativo,reddit
Automatizacion,-0.5106,negativo,reddit
Empleo,0.9841,positivo,reddit
Futuro,0.9841,positivo,reddit
Economia,0.9841,positivo,reddit
Empleo,0.5859,positivo,reddit
Empleo,0.5859,positivo,reddit
Empleo,0.0,neutro,reddit
Automatizacion,0.0,neutro,reddit
Empleo,-0.2732,negativo,reddit
Automatizacion,-0.2732,negativo,reddit
Empleo,-0.8393,negativo,reddit
Automatizacion,-0.8393,negativo,reddit
Empleo,0.2466,positivo,reddit
Empleo,-0.4767,negativo,reddit
Automatizacion,-0.4767,negativo,reddit
Empleo,0.7047,positivo,reddit
Automatizacion,0.7047,positivo,reddit
Futuro,0.7047,positivo,reddit
Economia,0.7047,positivo,reddit
Empleo,0.6058,positivo,reddit
Futuro,0.6058,positivo,reddit
Economia,0.6058,positivo,reddit
Empleo,0.3041,positivo,reddit
Futuro,0.3041,positivo,reddit
Economia,0.3041,positivo,reddit
Empleo,0.893,positivo,reddit
Automatizacion,0.893,positivo,reddit
Empleo,-0.6872,negativo,reddit
General,-0.296,negativo,reddit
Empleo,0.3818,positivo,reddit
Automatizacion,0.3818,positivo,reddit
Empleo,-0.3447,negativo,reddit
Automatizacion,0.4404,positivo,reddit
General,0.0,neutro,reddit
General,-0.6597,negativo,reddit
General,-0.6786,negativo,reddit
Empleo,-0.5168,negativo,reddit
General,0.0,neutro,reddit
Empleo,0.835,positivo,reddit
General,0.0,neutro,reddit
Empleo,-0.7351,negativo,reddit
Empleo,0.296,positivo,reddit
Empleo,0.7388,positivo,reddit
Automatizacion,0.7388,positivo,reddit
Futuro,0.7388,positivo,reddit
Automatizacion,0.3612,positivo,reddit
Empleo,0.6877,positivo,reddit
Empleo,-0.6486,negativo,reddit
Automatizacion,-0.6486,negativo,reddit
Empleo,0.9635,positivo,reddit
Automatizacion,0.9635,positivo,reddit
Empleo,-0.5423,negativo,reddit
Empleo,-0.765,negativo,reddit
Automatizacion,-0.765,negativo,reddit
Economia,-0.765,negativo,reddit
Empleo,-0.4549,negativo,reddit
General,0.624,positivo,reddit
Empleo,0.4401,positivo,reddit
Automatizacion,0.4401,positivo,reddit
Economia,0.4401,positivo,reddit
Empleo,0.539,positivo,reddit
General,-0.0387,neutro,reddit
Empleo,0.6369,positivo,reddit
Automatizacion,0.6369,positivo,reddit
Empleo,-0.9433,negativo,reddit
Economia,-0.9433,negativo,reddit
General,-0.296,negativo,reddit
Empleo,-0.2263,negativo,reddit
Automatizacion,-0.2263,negativo,reddit
Empleo,-0.4225,negativo,reddit
Futuro,-0.4225,negativo,reddit
Empleo,-0.1335,negativo,reddit
Futuro,-0.1335,negativo,reddit
Economia,-0.1335,negativo,reddit
General,0.7474,positivo,reddit
General,0.5704,positivo,reddit
Empleo,0.3612,positivo,reddit
Automatizacion,0.3612,positivo,reddit
General,0.6652,positivo,reddit
Productividad,0.8735,positivo,reddit
General,-0.0258,neutro,reddit
Empleo,0.2732,positivo,reddit
Automatizacion,0.2732,positivo,reddit
Empleo,0.962,positivo,reddit
Automatizacion,0.962,positivo,reddit
Empleo,0.9266,positivo,reddit
Automatizacion,0.9266,positivo,reddit
Economia,0.9266,positivo,reddit
Empleo,-0.8689,negativo,reddit
General,0.3904,positivo,reddit
Empleo,0.0,neutro,reddit
General,-0.4939,negativo,reddit
Futuro,0.5994,positivo,reddit
Empleo,0.7199,positivo,reddit
General,0.6249,positivo,reddit
Empleo,0.5267,positivo,reddit
Futuro,0.5267,positivo,reddit
General,0.3612,positivo,reddit
General,-0.6124,negativo,reddit
General,0.0,neutro,reddit
General,-0.6369,negativo,reddit
Empleo,0.8519,positivo,reddit
Economia,0.8519,positivo,reddit
General,0.0,neutro,reddit
General,0.5859,positivo,reddit
Economia,-0.4939,negativo,reddit
Empleo,0.917,positivo,reddit
General,-0.0772,negativo,reddit
General,0.25,positivo,reddit
Empleo,0.9166,positivo,reddit
Automatizacion,0.9166,positivo,reddit
General,-0.2023,negativo,reddit
Empleo,-0.5267,negativo,reddit
Futuro,-0.5267,negativo,reddit
General,0.0,neutro,reddit
General,0.0,neutro,reddit
General,0.0,neutro,reddit
Economia,0.0,neutro,reddit
Automatizacion,0.0,neutro,reddit
Automatizacion,0.0,neutro,reddit
Automatizacion,0.6705,positivo,reddit
Empleo,0.4767,positivo,reddit
Empleo,-0.6124,negativo,reddit
General,-0.2023,negativo,reddit
Empleo,0.5076,positivo,reddit
Futuro,0.5076,positivo,reddit
Empleo,0.0,neutro,reddit
Empleo,-0.6908,negativo,reddit
Futuro,-0.6908,negativo,reddit
Automatizacion,-0.3412,negativo,reddit
Empleo,0.6908,positivo,reddit
Empleo,0.6423,positivo,reddit
Automatizacion,0.6423,positivo,reddit
Empleo,0.9784,positivo,reddit
Automatizacion,0.9784,positivo,reddit
Futuro,0.9784,positivo,reddit
Economia,0.9784,positivo,reddit
General,0.7096,positivo,reddit
Empleo,0.1027,positivo,reddit
Automatizacion,0.1027,positivo,reddit
General,-0.0869,negativo,reddit
Empleo,0.9782,positivo,reddit
Productividad,0.9782,positivo,reddit
Economia,0.9782,positivo,reddit
General,0.0,neutro,reddit
General,0.0,neutro,reddit
General,0.0,neutro,reddit
Empleo,0.574,positivo,reddit
Automatizacion,0.574,positivo,reddit
Empleo,-0.5844,negativo,reddit
General,0.0,neutro,reddit
Automatizacion,0.6136,positivo,reddit
General,0.1406,positivo,reddit
Economia,0.91,positivo,reddit
General,0.0,neutro,reddit
General,0.0,neutro,reddit
General,0.4478,positivo,reddit
Empleo,0.0,neutro,reddit
Futuro,0.296,positivo,reddit
Empleo,0.965,positivo,reddit
Futuro,0.965,positivo,reddit
Empleo,0.0631,positivo,reddit
General,0.0,neutro,reddit
General,0.0,neutro,reddit
Empleo,-0.128,negativo,reddit
Economia,-0.128,negativo,reddit
General,0.6718,positivo,reddit
Empleo,-0.34,negativo,reddit
General,0.0,neutro,reddit
Empleo,-0.1655,negativo,reddit
Automatizacion,-0.1655,negativo,reddit
General,0.7351,positivo,reddit
General,0.7845,positivo,reddit
Empleo,-0.1779,negativo,reddit
Empleo,-0.1779,negativo,reddit
General,0.7096,positivo,reddit
Empleo,-0.7469,negativo,reddit
Economia,-0.7469,negativo,reddit
General,0.0,neutro,reddit
Economia,-0.7388,negativo,reddit
General,-0.4939,negativo,reddit
Empleo,-0.4215,negativo,reddit
Automatizacion,-0.4215,negativo,reddit
Economia,-0.4215,negativo,reddit
General,0.6115,positivo,reddit
General,0.25,positivo,reddit
Empleo,-0.5267,negativo,reddit
Futuro,-0.5267,negativo,reddit
Empleo,0.95,positivo,reddit
Automatizacion,0.95,positivo,reddit
Economia,0.95,positivo,reddit
Empleo,-0.1471,negativo,reddit
General,0.4019,positivo,reddit
Empleo,0.9083,positivo,reddit
Futuro,0.9083,positivo,reddit
Etica,0.9083,positivo,reddit
Empleo,0.4005,positivo,reddit
Automatizacion,0.4005,positivo,reddit
General,0.0,neutro,reddit
General,0.2263,positivo,reddit
General,0.0,neutro,reddit
Automatizacion,0.0,neutro,reddit
Empleo,0.0,neutro,reddit
Empleo,0.6908,positivo,reddit
Automatizacion,0.6908,positivo,reddit
Economia,-0.1027,negativo,reddit
General,0.4344,positivo,reddit
Empleo,-0.9122,negativo,reddit
Empleo,0.3673,positivo,reddit
General,0.0201,neutro,reddit
Empleo,0.7488,positivo,reddit
General,0.4546,positivo,reddit
Empleo,0.2928,positivo,reddit
Productividad,0.2928,positivo,reddit
Economia,0.2928,positivo,reddit
Empleo,0.2368,positivo,reddit
General,0.4939,positivo,reddit
Empleo,0.9099,positivo,reddit
Futuro,0.9099,positivo,reddit
General,0.2617,positivo,reddit
General,-0.1779,negativo,reddit
Empleo,-0.0394,neutro,reddit
Automatizacion,-0.0394,neutro,reddit
Automatizacion,-0.4767,negativo,reddit
Economia,-0.4767,negativo,reddit
General,0.34,positivo,reddit
General,0.624,positivo,reddit
Etica,-0.1336,negativo,reddit
General,-0.0572,negativo,reddit
Automatizacion,0.0258,neutro,reddit
General,0.0,neutro,reddit
Automatizacion,-0.5719,negativo,reddit
Empleo,0.3612,positivo,reddit
Automatizacion,0.3612,positivo,reddit
Futuro,0.3612,positivo,reddit
Economia,0.3612,positivo,reddit
Empleo,0.8074,positivo,reddit
Empleo,-0.4019,negativo,reddit
General,0.8871,positivo,reddit
Empleo,0.8765,positivo,reddit
Empleo,0.7184,positivo,reddit
General,-0.743,negativo,reddit
General,0.3612,positivo,reddit
Empleo,0.0754,positivo,reddit
Automatizacion,0.0754,positivo,reddit
General,0.0,neutro,reddit
Empleo,-0.3603,negativo,reddit
Automatizacion,-0.3603,negativo,reddit
Productividad,-0.3603,negativo,reddit
Economia,-0.3603,negativo,reddit
General,0.34,positivo,reddit
Empleo,-0.3071,negativo,reddit
Empleo,0.7506,positivo,reddit
Futuro,0.7506,positivo,reddit
Economia,0.7506,positivo,reddit
General,0.6808,positivo,reddit
Empleo,-0.1857,negativo,reddit
General,0.0,neutro,reddit
General,0.0,neutro,reddit
Empleo,0.7212,positivo,reddit
Empleo,0.8792,positivo,reddit
Automatizacion,0.8792,positivo,reddit
Economia,0.8792,positivo,reddit
General,0.0,neutro,reddit
General,0.0516,positivo,reddit
Empleo,0.0791,positivo,reddit
General,0.2023,positivo,reddit
Empleo,0.9901,positivo,reddit
Automatizacion,0.9901,positivo,reddit
Futuro,0.9901,positivo,reddit
Productividad,0.9901,positivo,reddit
General,0.0,neutro,reddit
Empleo,0.8104,positivo,reddit
Futuro,0.8104,positivo,reddit
General,0.3612,positivo,reddit
General,0.0,neutro,reddit
Economia,0.0,neutro,reddit
General,0.0,neutro,reddit
General,0.4939,positivo,reddit
General,0.0,neutro,reddit
General,0.9423,positivo,reddit
Automatizacion,0.0,neutro,reddit
Empleo,-0.3182,negativo,reddit
General,0.7579,positivo,reddit
General,0.0,neutro,reddit
General,0.0,neutro,reddit
Empleo,0.4588,positivo,reddit
Empleo,0.3724,positivo,reddit
Empleo,0.2732,positivo,reddit
Economia,0.2732,positivo,reddit
Empleo,-0.8804,negativo,reddit
Futuro,-0.8804,negativo,reddit
Productividad,-0.8804,negativo,reddit
Economia,-0.8804,negativo,reddit
General,-0.5719,negativo,reddit
General,0.0,neutro,reddit
Futuro,0.9437,positivo,reddit
Futuro,-0.4215,negativo,reddit
Empleo,0.4632,positivo,reddit
Futuro,0.4632,positivo,reddit
Productividad,0.4632,positivo,reddit
Etica,0.4632,positivo,reddit
Economia,0.4632,positivo,reddit
General,0.128,positivo,reddit
General,-0.1531,negativo,reddit
General,0.0,neutro,reddit
Empleo,0.3796,positivo,reddit
Automatizacion,0.3796,positivo,reddit
Futuro,0.3796,positivo,reddit
Economia,0.8689,positivo,reddit
Empleo,0.9295,positivo,reddit
Automatizacion,0.9295,positivo,reddit
Empleo,0.1027,positivo,reddit
Empleo,0.8649,positivo,reddit
Automatizacion,0.8649,positivo,reddit
Productividad,0.8649,positivo,reddit
Etica,0.8649,positivo,reddit
Economia,0.8649,positivo,reddit
Empleo,0.431,positivo,reddit
General,-0.5423,negativo,reddit
Futuro,-0.8722,negativo,reddit
Futuro,0.2263,positivo,reddit
General,-0.6908,negativo,reddit
Empleo,0.7783,positivo,reddit
Economia,0.7783,positivo,reddit
Empleo,0.128,positivo,reddit
Futuro,0.128,positivo,reddit
Empleo,-0.8912,negativo,reddit
General,0.0,neutro,reddit
Empleo,0.5267,positivo,reddit
General,0.0,neutro,reddit
General,0.5499,positivo,reddit
Empleo,0.0,neutro,reddit
General,-0.0145,neutro,reddit
Empleo,0.8128,positivo,reddit
Automatizacion,0.8128,positivo,reddit
Productividad,0.2263,positivo,reddit
General,0.4215,positivo,reddit
Empleo,0.7579,positivo,reddit
Automatizacion,0.7579,positivo,reddit
Productividad,0.7579,positivo,reddit
Economia,0.7579,positivo,reddit
Empleo,-0.0717,negativo,reddit
Automatizacion,-0.0717,negativo,reddit
Empleo,0.9431,positivo,reddit
Productividad,0.9431,positivo,reddit
Empleo,0.9521,positivo,reddit
Automatizacion,0.9521,positivo,reddit
Futuro,0.9521,positivo,reddit
Productividad,0.9521,positivo,reddit
Economia,0.9521,positivo,reddit
Empleo,0.9749,positivo,reddit
Automatizacion,0.9749,positivo,reddit
Futuro,0.9749,positivo,reddit
Productividad,0.9749,positivo,reddit
Economia,0.9749,positivo,reddit
Empleo,-0.936,negativo,reddit
Futuro,-0.936,negativo,reddit
Economia,-0.936,negativo,reddit
General,0.777,positivo,reddit
Empleo,-0.1027,negativo,reddit
Empleo,-0.4118,negativo,reddit
Automatizacion,-0.4118,negativo,reddit
Futuro,-0.4118,negativo,reddit
Economia,-0.4118,negativo,reddit
General,0.0,neutro,reddit
Empleo,0.0,neutro,reddit
Automatizacion,0.0,neutro,reddit
Empleo,0.6652,positivo,reddit
Empleo,0.5271,positivo,reddit
Economia,0.5271,positivo,reddit
Empleo,-0.4707,negativo,reddit
General,-0.886,negativo,reddit
General,0.0,neutro,reddit
Empleo,-0.0516,negativo,reddit
Empleo,-0.34,negativo,reddit
Productividad,-0.2108,negativo,reddit
Economia,-0.2108,negativo,reddit
Empleo,-0.6306,negativo,reddit
Productividad,-0.6306,negativo,reddit
Etica,-0.6306,negativo,reddit
Economia,-0.6306,negativo,reddit
General,-0.4039,negativo,reddit
General,0.3612,positivo,reddit
Productividad,0.2263,positivo,reddit
Empleo,-0.8591,negativo,reddit
Economia,-0.8591,negativo,reddit
Futuro,-0.3506,negativo,reddit
Automatizacion,0.2023,positivo,reddit
Empleo,0.0,neutro,reddit
Futuro,0.0,neutro,reddit
General,-0.3142,negativo,reddit
Empleo,-0.0516,negativo,reddit
Automatizacion,-0.0516,negativo,reddit
Empleo,0.8717,positivo,reddit
Futuro,0.8717,positivo,reddit
Productividad,0.8717,positivo,reddit
Economia,0.8717,positivo,reddit
Empleo,0.5375,positivo,reddit
Futuro,0.5375,positivo,reddit
Productividad,0.5375,positivo,reddit
Empleo,0.2023,positivo,reddit
General,0.0,neutro,reddit
Empleo,-0.4588,negativo,reddit
Futuro,-0.4588,negativo,reddit
General,0.0,neutro,reddit
Empleo,-0.8857,negativo,reddit
Economia,-0.8857,negativo,reddit
Economia,-0.4215,negativo,reddit
General,0.8068,positivo,reddit
Empleo,-0.128,negativo,reddit
General,0.0,neutro,reddit
General,0.7579,positivo,reddit
General,0.4588,positivo,reddit
General,0.0,neutro,reddit
Empleo,0.9416,positivo,reddit
Automatizacion,0.9416,positivo,reddit
Futuro,0.9416,positivo,reddit
General,0.0,neutro,reddit
Empleo,0.1655,positivo,reddit
Futuro,0.1655,positivo,reddit
Empleo,0.8936,positivo,reddit
Economia,0.8936,positivo,reddit
Empleo,0.7134,positivo,reddit
General,0.3565,positivo,reddit
Empleo,0.5927,positivo,reddit
Empleo,-0.2975,negativo,reddit
Futuro,-0.2975,negativo,reddit
Etica,-0.2975,negativo,reddit
Economia,-0.2975,negativo,reddit
Economia,0.4215,positivo,reddit
General,-0.296,negativo,reddit
Empleo,-0.7003,negativo,reddit
Futuro,-0.7003,negativo,reddit
Empleo,-0.0258,neutro,reddit
Automatizacion,-0.0258,neutro,reddit
Economia,-0.0258,neutro,reddit
General,0.069,positivo,reddit
Empleo,0.9682,positivo,reddit
Automatizacion,0.9682,positivo,reddit
Futuro,0.9682,positivo,reddit
Economia,-0.8979,negativo,reddit
Empleo,0.34,positivo,reddit
Economia,0.34,positivo,reddit
General,0.4404,positivo,reddit
Empleo,-0.6511,negativo,reddit
Futuro,-0.6511,negativo,reddit
Economia,-0.6511,negativo,reddit
Automatizacion,-0.4215,negativo,reddit
Automatizacion,0.5187,positivo,reddit
General,-0.296,negativo,reddit
General,0.0434,neutro,reddit
General,-0.1779,negativo,reddit
General,0.0516,positivo,reddit
General,0.0,neutro,reddit
Empleo,-0.0129,neutro,reddit
Productividad,-0.0129,neutro,reddit
Economia,-0.0129,neutro,reddit
Empleo,0.3942,positivo,reddit
Economia,0.3942,positivo,reddit
Empleo,0.8555,positivo,reddit
General,-0.0516,negativo,reddit
Empleo,0.9231,positivo,reddit
Economia,0.9231,positivo,reddit
Empleo,-0.015,neutro,reddit
Automatizacion,-0.015,neutro,reddit
General,-0.4939,negativo,reddit
Automatizacion,0.1901,positivo,reddit
Empleo,-0.4596,negativo,reddit
Automatizacion,-0.4596,negativo,reddit
Etica,-0.4596,negativo,reddit
Economia,-0.4596,negativo,reddit
General,-0.0258,neutro,reddit
Empleo,0.5423,positivo,reddit
Automatizacion,0.9848,positivo,reddit
Productividad,0.9848,positivo,reddit
Empleo,0.9348,positivo,reddit
Automatizacion,0.9348,positivo,reddit
Productividad,0.9348,positivo,reddit
General,0.2732,positivo,reddit
Empleo,0.0258,neutro,reddit
Automatizacion,0.8674,positivo,reddit
Empleo,0.845,positivo,reddit
Automatizacion,0.845,positivo,reddit
General,0.7964,positivo,reddit
General,0.296,positivo,reddit
Empleo,0.9801,positivo,reddit
Automatizacion,0.9801,positivo,reddit
Futuro,0.9801,positivo,reddit
Economia,0.9801,positivo,reddit
General,-0.296,negativo,reddit
General,-0.296,negativo,reddit
Empleo,-0.8442,negativo,reddit
Economia,-0.8442,negativo,reddit
Empleo,0.281,positivo,reddit
Futuro,0.281,positivo,reddit
General,-0.8747,negativo,reddit
Empleo,0.6908,positivo,reddit
Empleo,0.4019,positivo,reddit
General,-0.3412,negativo,reddit
Empleo,-0.0065,neutro,reddit
Futuro,-0.2263,negativo,reddit
Automatizacion,-0.624,negativo,reddit
Empleo,0.6486,positivo,reddit
Futuro,0.6486,positivo,reddit
Economia,0.6486,positivo,reddit
General,-0.296,negativo,reddit
Empleo,0.7269,positivo,reddit
Futuro,0.7269,positivo,reddit
Productividad,0.7269,positivo,reddit
Economia,0.7269,positivo,reddit
General,0.7003,positivo,reddit
General,0.4728,positivo,reddit
General,-0.2584,negativo,reddit
General,-0.8462,negativo,reddit
General,0.0,neutro,reddit
General,0.0,neutro,reddit
General,0.0,neutro,reddit
General,0.4404,positivo,reddit
General,0.0,neutro,reddit
Empleo,-0.6079,negativo,reddit
Futuro,-0.34,negativo,reddit
General,0.0258,neutro,reddit
General,-0.5106,negativo,reddit
General,-0.296,negativo,reddit
Empleo,-0.6249,negativo,reddit
Futuro,-0.6249,negativo,reddit
General,-0.1935,negativo,reddit
General,0.7992,positivo,reddit
General,0.0,neutro,reddit
General,0.7964,positivo,reddit
General,0.4939,positivo,reddit
Empleo,0.0,neutro,reddit
Empleo,-0.1899,negativo,reddit
Automatizacion,-0.1899,negativo,reddit
Futuro,-0.1899,negativo,reddit
Etica,0.4767,positivo,reddit
General,0.0,neutro,reddit
Empleo,-0.3252,negativo,reddit
Economia,-0.3252,negativo,reddit
Economia,-0.1143,negativo,reddit
General,0.0,neutro,reddit
General,-0.2755,negativo,reddit
Empleo,0.0084,neutro,reddit
General,0.0,neutro,reddit
Empleo,0.3612,positivo,reddit
Productividad,0.3612,positivo,reddit
Empleo,0.8121,positivo,reddit
Automatizacion,0.8121,positivo,reddit
General,0.6249,positivo,reddit
Empleo,-0.3015,negativo,reddit
Empleo,-0.8525,negativo,reddit
Futuro,-0.8525,negativo,reddit
Productividad,-0.8525,negativo,reddit
Futuro,-0.3612,negativo,reddit
Empleo,0.5647,positivo,reddit
Productividad,0.5647,positivo,reddit
Empleo,0.0,neutro,reddit
General,-0.0772,negativo,reddit
Empleo,0.9726,positivo,reddit
Automatizacion,0.9726,positivo,reddit
Etica,0.9726,positivo,reddit
Economia,0.9726,positivo,reddit
Empleo,0.2732,positivo,reddit
General,-0.4019,negativo,reddit
Empleo,-0.5267,negativo,reddit
Automatizacion,-0.5267,negativo,reddit
General,0.0,neutro,reddit
General,0.0,neutro,reddit
General,-0.5859,negativo,reddit
General,0.0,neutro,reddit
General,0.0,neutro,reddit
Empleo,0.0,neutro,reddit
Automatizacion,0.0,neutro,reddit
Automatizacion,-0.0772,negativo,reddit
Futuro,-0.1027,negativo,reddit
Empleo,-0.2382,negativo,reddit
General,0.0,neutro,reddit
General,0.631,positivo,reddit
General,0.0,neutro,reddit
General,-0.128,negativo,reddit
Futuro,0.8093,positivo,reddit
Economia,0.8093,positivo,reddit
Empleo,-0.5423,negativo,reddit
General,-0.5809,negativo,reddit
Empleo,-0.1531,negativo,reddit
Automatizacion,-0.1531,negativo,reddit
Automatizacion,-0.8519,negativo,reddit
General,-0.8316,negativo,reddit
Empleo,0.0,neutro,reddit
General,0.1918,positivo,reddit
General,0.3182,positivo,reddit
General,0.6059,positivo,reddit
General,0.0,neutro,reddit
General,0.4215,positivo,reddit
General,0.0,neutro,reddit
Empleo,0.0,neutro,reddit
General,0.0,neutro,reddit
General,-0.5423,negativo,reddit
General,-0.296,negativo,reddit
General,-0.4939,negativo,reddit
General,0.0,neutro,reddit
General,0.4215,positivo,reddit
General,0.1406,positivo,reddit
Empleo,-0.4479,negativo,reddit
Automatizacion,-0.4479,negativo,reddit
General,0.2415,positivo,reddit
General,-0.1027,negativo,reddit
General,0.0,neutro,reddit
Futuro,-0.765,negativo,reddit
General,0.25,positivo,reddit
General,0.0,neutro,reddit
General,0.0,neutro,reddit
Economia,0.3612,positivo,reddit
Empleo,0.9159,positivo,reddit
Automatizacion,0.9159,positivo,reddit
Empleo,-0.25,negativo,reddit
Automatizacion,-0.25,negativo,reddit
Futuro,-0.25,negativo,reddit
Futuro,0.8834,positivo,reddit
Futuro,0.6558,positivo,reddit
Economia,0.8689,positivo,reddit
General,0.3182,positivo,reddit
Automatizacion,0.0,neutro,reddit
General,-0.5574,negativo,reddit
Empleo,-0.228,negativo,reddit
General,0.0,neutro,reddit
General,0.5106,positivo,reddit
Empleo,-0.1872,negativo,reddit
Automatizacion,-0.1872,negativo,reddit
Futuro,-0.1872,negativo,reddit
General,0.0,neutro,reddit
General,0.1531,positivo,reddit
General,-0.0772,negativo,reddit
General,0.0772,positivo,reddit
Economia,0.2382,positivo,reddit
General,0.0,neutro,reddit
General,0.0,neutro,reddit
Empleo,-0.296,negativo,reddit
Economia,-0.296,negativo,reddit
Empleo,0.0,neutro,reddit
Economia,0.0,neutro,reddit
General,0.34,positivo,reddit
Etica,0.7557,positivo,reddit
General,0.0,neutro,reddit
General,0.0,neutro,reddit
General,0.0,neutro,reddit
Empleo,-0.4019,negativo,reddit
Automatizacion,-0.4019,negativo,reddit
Economia,-0.4019,negativo,reddit
General,0.7783,positivo,reddit
Empleo,0.8443,positivo,reddit
Automatizacion,0.8443,positivo,reddit
Economia,0.8443,positivo,reddit
Productividad,-0.0284,neutro,reddit
Empleo,0.0,neutro,reddit
Economia,0.0,neutro,reddit
Empleo,0.3919,positivo,reddit
Automatizacion,0.3919,positivo,reddit
Futuro,0.3919,positivo,reddit
Empleo,0.5106,positivo,reddit
Automatizacion,0.5106,positivo,reddit
General,-0.2449,negativo,reddit
General,-0.3134,negativo,reddit
Empleo,0.93,positivo,reddit
Empleo,0.3182,positivo,reddit
General,0.7845,positivo,reddit
General,-0.296,negativo,reddit
Empleo,-0.9313,negativo,reddit
Automatizacion,0.5106,positivo,reddit
Empleo,-0.2281,negativo,reddit
Economia,-0.2281,negativo,reddit
Empleo,0.0,neutro,reddit
Economia,0.0,neutro,reddit
General,0.7506,positivo,reddit
General,0.25,positivo,reddit
General,0.0,neutro,reddit
Economia,0.1779,positivo,reddit
Empleo,0.0,neutro,reddit
General,0.9829,positivo,reddit
Empleo,0.0,neutro,reddit
Automatizacion,0.0,neutro,reddit
General,-0.5423,negativo,reddit
Empleo,-0.7178,negativo,reddit
General,-0.4215,negativo,reddit
General,0.296,positivo,reddit
Productividad,0.4767,positivo,reddit
Economia,0.4767,positivo,reddit
Etica,-0.2741,negativo,reddit
General,0.3384,positivo,reddit
Empleo,-0.0352,neutro,reddit
Futuro,0.6369,positivo,reddit
Economia,0.6369,positivo,reddit
General,0.0,neutro,reddit
Futuro,0.9123,positivo,reddit
General,0.25,positivo,reddit
General,0.0,neutro,reddit
General,0.0,neutro,reddit
General,0.0,neutro,reddit
General,0.2023,positivo,reddit
Empleo,0.9246,positivo,reddit
Etica,0.9246,positivo,reddit
Automatizacion,0.1779,positivo,reddit
General,0.3612,positivo,reddit
Empleo,0.5927,positivo,reddit
Automatizacion,0.5927,positivo,reddit
Productividad,0.5927,positivo,reddit
Economia,0.5927,positivo,reddit
General,-0.7985,negativo,reddit
General,-0.8442,negativo,reddit
General,0.3612,positivo,reddit
Economia,0.9292,positivo,reddit
General,0.0,neutro,reddit
Empleo,0.0,neutro,reddit
General,0.5778,positivo,reddit
General,0.0,neutro,reddit
General,-0.743,negativo,reddit
Economia,0.7579,positivo,reddit
Empleo,0.3818,positivo,reddit
Empleo,-0.4215,negativo,reddit
Economia,0.9527,positivo,reddit
Futuro,-0.4721,negativo,reddit
General,0.0,neutro,reddit
Futuro,0.4019,positivo,reddit
General,-0.5574,negativo,reddit
Empleo,0.1335,positivo,reddit
Futuro,0.1335,positivo,reddit
Productividad,0.1335,positivo,reddit
Empleo,0.6183,positivo,reddit
Futuro,0.6183,positivo,reddit
Productividad,0.6183,positivo,reddit
General,0.3182,positivo,reddit
General,0.479,positivo,reddit
General,0.1779,positivo,reddit
General,0.0,neutro,reddit
General,0.4588,positivo,reddit
General,0.0,neutro,reddit
General,0.0,neutro,reddit
Empleo,0.7003,positivo,reddit
Economia,0.7003,positivo,reddit
Economia,0.5499,positivo,reddit
General,0.0,neutro,reddit
Empleo,-0.7747,negativo,reddit
Economia,-0.7747,negativo,reddit
General,-0.5423,negativo,reddit
Empleo,-0.4767,negativo,reddit
Empleo,0.7036,positivo,reddit
Futuro,0.7036,positivo,reddit
Productividad,0.7036,positivo,reddit
Economia,0.7036,positivo,reddit
General,0.0,neutro,reddit
Empleo,0.4111,positivo,reddit
Productividad,0.4111,positivo,reddit
General,0.0,neutro,reddit
Empleo,0.9867,positivo,reddit
Automatizacion,0.9867,positivo,reddit
Futuro,0.9867,positivo,reddit
Economia,0.9867,positivo,reddit
General,0.1081,positivo,reddit
General,0.0,neutro,reddit
General,0.0,neutro,reddit
General,0.2006,positivo,reddit
General,0.3716,positivo,reddit
General,0.978,positivo,reddit
Empleo,-0.9613,negativo,reddit
Automatizacion,-0.9613,negativo,reddit
Automatizacion,-0.91,negativo,reddit
General,0.34,positivo,reddit
General,0.0,neutro,reddit
General,0.0,neutro,reddit
Empleo,-0.9582,negativo,reddit
Futuro,-0.9582,negativo,reddit
Productividad,-0.9582,negativo,reddit
Etica,-0.9582,negativo,reddit
Empleo,-0.6361,negativo,reddit
General,0.4404,positivo,reddit
Empleo,-0.6931,negativo,reddit
General,0.9366,positivo,reddit
Automatizacion,0.6597,positivo,reddit
General,0.0,neutro,reddit
General,-0.296,negativo,reddit
Empleo,0.5423,positivo,reddit
General,0.0,neutro,reddit
Empleo,0.7469,positivo,reddit
Futuro,-0.8976,negativo,reddit
General,-0.4497,negativo,reddit
General,0.6808,positivo,reddit
General,0.0,neutro,reddit
Etica,-0.5401,negativo,reddit
Economia,-0.5401,negativo,reddit
Empleo,-0.3318,negativo,reddit
Economia,-0.2263,negativo,reddit
General,0.0,neutro,reddit
General,0.0,neutro,reddit
Futuro,0.6968,positivo,reddit
Economia,0.6968,positivo,reddit
Empleo,0.0,neutro,reddit
Automatizacion,0.8779,positivo,reddit
General,0.0,neutro,reddit
General,0.1531,positivo,reddit
General,0.7788,positivo,reddit
General,0.4877,positivo,reddit
General,0.0844,positivo,reddit
General,0.8968,positivo,reddit
General,0.5423,positivo,reddit
Productividad,0.641,positivo,reddit
Economia,0.641,positivo,reddit
Empleo,0.7827,positivo,reddit
Productividad,0.7827,positivo,reddit
General,-0.4767,negativo,reddit
General,0.8719,positivo,reddit
Empleo,0.0,neutro,reddit
General,0.2263,positivo,reddit
Empleo,-0.5315,negativo,reddit
Economia,-0.5315,negativo,reddit
General,0.0,neutro,reddit
General,0.7579,positivo,reddit
General,-0.5267,negativo,reddit
Empleo,-0.4588,negativo,reddit
Economia,-0.4588,negativo,reddit
General,0.4588,positivo,reddit
Productividad,0.7096,positivo,reddit
Automatizacion,-0.1791,negativo,reddit
General,0.5423,positivo,reddit
General,0.296,positivo,reddit
General,-0.1027,negativo,reddit
General,0.4215,positivo,reddit
Etica,0.3182,positivo,reddit
Empleo,0.0,neutro,reddit
Empleo,0.5905,positivo,reddit
General,0.0,neutro,reddit
General,0.0,neutro,reddit
Empleo,0.0258,neutro,reddit
General,-0.3612,negativo,reddit
Empleo,0.7123,positivo,reddit
Automatizacion,0.7123,positivo,reddit
Productividad,0.7123,positivo,reddit
Etica,0.5719,positivo,reddit
General,0.0,neutro,reddit
Empleo,0.9654,positivo,reddit
Economia,0.9654,positivo,reddit
General,0.0,neutro,reddit
Empleo,-0.2263,negativo,reddit
Automatizacion,-0.2263,negativo,reddit
Futuro,0.9629,positivo,reddit
Etica,0.9629,positivo,reddit
Economia,0.9629,positivo,reddit
Automatizacion,0.0,neutro,reddit
Empleo,0.83,positivo,reddit
Productividad,0.83,positivo,reddit
General,0.7746,positivo,reddit
General,0.4215,positivo,reddit
Empleo,0.0,neutro,reddit
Automatizacion,0.0,neutro,reddit
Empleo,-0.3724,negativo,reddit
Economia,-0.3724,negativo,reddit
General,0.6801,positivo,reddit
General,0.34,positivo,reddit
Empleo,0.7783,positivo,reddit
General,0.0,neutro,reddit
Economia,0.0,neutro,reddit
General,0.0,neutro,reddit
General,0.0,neutro,reddit
Economia,0.5859,positivo,reddit
Empleo,0.5719,positivo,reddit
Empleo,0.4215,positivo,reddit
General,0.6946,positivo,reddit
General,0.7506,positivo,reddit
General,0.5106,positivo,reddit
Empleo,0.6542,positivo,reddit
Automatizacion,0.6542,positivo,reddit
General,0.0,neutro,reddit
General,0.0,neutro,reddit
Empleo,-0.5416,negativo,reddit
General,0.0,neutro,reddit
General,-0.25,negativo,reddit
Futuro,0.6062,positivo,reddit
Automatizacion,0.0,neutro,reddit
Futuro,0.0,neutro,reddit
Empleo,0.6369,positivo,reddit
General,0.7906,positivo,reddit
Productividad,0.8765,positivo,reddit
Automatizacion,-0.8265,negativo,reddit
Futuro,-0.8265,negativo,reddit
Etica,-0.8265,negativo,reddit
Productividad,0.7003,positivo,reddit
Etica,0.6478,positivo,reddit
Futuro,0.7173,positivo,reddit
General,0.7351,positivo,reddit
Empleo,0.8316,positivo,reddit
General,-0.2617,negativo,reddit
Empleo,0.128,positivo,reddit
Empleo,0.6041,positivo,reddit
General,0.5175,positivo,reddit
General,0.5423,positivo,reddit
General,0.6887,positivo,reddit
General,-0.0516,negativo,reddit
General,0.3182,positivo,reddit
General,-0.9379,negativo,reddit
General,0.743,positivo,reddit
